"assessid","stocklong","daterecorded","dateloaded"
"NAFO-SC-GHAL01ABCDEF-1987-2006-PREFONTAINE","Greenland halibut NAFO 01ABCDEF",2008-02-13,2009-06-08
"AFWG-CODNEAR-1943-2006-MINTO","Atlantic cod Northeast Arctic",2008-02-15,2010-07-18
"AFWG-CODCOASTNOR-1982-2006-MINTO","Atlantic cod coastal Norway",2008-03-24,2010-07-18
"AFWG-HADNEAR-1947-2006-MINTO","Haddock Northeast Arctic",2008-03-31,2010-07-18
"AFWG-REDDEEPI-II-1985-2006-MINTO","Deepwater Redfish Northeast Arctic",2008-04-07,2010-07-18
"NAFO-SC-AMPL3LNO-1955-2007-BAUM","American Plaice NAFO-3LNO",2008-04-07,2011-03-02
"AFWG-POLLNEAR-1957-2006-MINTO","Pollock Northeast Arctic",2008-04-07,2010-07-18
"NAFO-SC-COD3NO-1953-2007-BAUM","Atlantic cod NAFO 3NO",2008-04-07,2009-06-08
"AFWG-GOLDREDNEAR-1986-2006-MINTO","Golden Redfish Northeast Arctic",2008-04-07,2010-07-18
"AFWG-CAPENOR-1965-2007-MINTO","Capelin Barents Sea",2008-04-08,2010-07-18
"NWWG-HADFAPL-1955-2006-MINTO","Haddock Faroe Plateau",2008-04-08,2010-07-18
"NWWG-CODFAPL-1959-2006-MINTO","Atlantic cod Faroe Plateau",2008-04-08,2010-07-18
"DFO-PAC-PCODHS-1956-2005-COLLIE","Pacific cod Hecate Strait",2008-04-08,2010-07-16
"NWWG-POLLFAPL-1958-2006-MINTO","Pollock Faroe Plateau",2008-04-09,2010-07-18
"NWWG-HADICE-1977-2007-MINTO","Haddock Iceland",2008-04-10,2010-07-18
"NWWG-CODICE-1952-2006-MINTO","Atlantic cod Iceland",2008-04-10,2010-07-18
"NWWG-CAPEICE-1977-2007-MINTO","Capelin Iceland",2008-04-10,2010-07-18
"WGNSSK-CODNS-1962-2007-MINTO","Atlantic cod North Sea",2008-04-11,2010-07-18
"RIDEM-WINFLOUNDRI-1959-2007-COLLIE","Winter flounder Rhode Island",2008-04-12,2009-05-14
"RIDEM-TAUTOGRI-1959-2007-COLLIE","Tautog Rhode Island",2008-04-12,2009-05-14
"WGNSSK-SEELNS-1983-2007-MINTO","Sandeel North Sea",2008-04-12,2011-03-02
"RIDEM-LOBSTERRI-1959-2007-COLLIE","American lobster Rhode Island",2008-04-12,2009-05-13
"WGNSSK-PLAICIIIa-1976-2006-MINTO","European Plaice ICES IIIa",2008-04-13,2010-07-18
"WGNSSK-SOLENS-1956-2006-MINTO","common European sole North Sea",2008-04-13,2011-03-02
"DFO-PAC-PCODWCVANI-1956-2002-COLLIE","Pacific cod West Coast of Vancouver Island",2008-04-13,2010-07-16
"WGNSSK-NPOUTNS-1983-2007-MINTO","Norway pout North Sea",2008-04-13,2010-07-18
"WGNSSK-PLAICNS-1956-2006-MINTO","European Plaice North Sea",2008-04-13,2010-07-18
"WGNSSK-PLAIC7d-1979-2006-MINTO","European Plaice ICES VIId",2008-04-13,2010-07-18
"WGNSSK-SOLEVIId-1981-2006-MINTO","common European sole ICES VIId",2008-04-13,2010-07-18
"WGNSDS-CODVIa-1977-2006-MINTO","Atlantic cod West of Scotland",2008-04-14,2010-07-18
"WGNSSK-HADNS-IIIa-1963-2006-MINTO","Haddock ICES IIIa and North Sea",2008-04-14,2010-07-18
"WGNSDS-CODIS-1968-2006-MINTO","Atlantic cod Irish Sea",2008-04-14,2010-07-18
"WGNSSK-POLLNS-VI-IIIa-1964-2006-MINTO","Pollock ICES IIIa, VI and North Sea",2008-04-14,2010-07-18
"WGNSSK-WHITNS-VIId-IIIa-1979-2006-MINTO","Whiting ICES IIIa, VIId and North Sea",2008-04-14,2010-07-18
"WGNSDS-WHITVIa-1984-2007-MINTO","Whiting ICES VIa",2008-04-14,2010-07-18
"WGNSDS-HADIS-1972-2006-MINTO","Haddock Irish Sea",2008-04-14,2010-07-18
"WGNSDS-HADVIa-1977-2006-MINTO","Haddock West of Scotland",2008-04-14,2010-07-18
"HAWG-HERRVIaVIIbc-1969-2000-MINTO","Herring ICES VIa-VIIb-VIIc",2008-04-15,2011-03-01
"HAWG-HERRVIa-1957-2006-MINTO","Herring ICES VIa",2008-04-15,2010-07-18
"WGBFAS-CODKAT-1970-2006-MINTO","Atlantic cod Kattegat",2008-04-15,2010-07-18
"WGNSDS-SOLEIS-1968-2006-MINTO","common European sole Irish Sea",2008-04-15,2010-07-18
"HAWG-HERR2224IIIa-1991-2006-MINTO","Herring ICES 22-24-IIIa",2008-04-15,2010-07-18
"HAWG-HERRNS-1960-2007-MINTO","Herring North Sea",2008-04-15,2011-03-01
"WGNSDS-PLAICIS-1962-2006-MINTO","European Plaice Irish Sea",2008-04-15,2010-07-18
"HAWG-SPRATNS-1995-2007-MINTO","Sprat North Sea",2008-04-15,2010-07-18
"IATTC-YFINEPAC-1975-2007-JENSEN","Yellowfin tuna Eastern Pacific",2008-04-21,2010-07-16
"DFO-PAC-ESOLEHS-1944-2001-COLLIE","English sole Hecate Strait",2008-04-21,2009-05-14
"DFO-PAC-RSOLEHSTR-1945-2001-COLLIE","Rock sole Hecate Strait",2008-04-21,2009-05-14
"CSIRO-DEEPFLATHEADSE-1978-2007-FULTON","Deepwater flathead Southeast Australia",2008-04-30,2010-06-15
"CSIRO-OROUGHYCASCADE-1987-2006-FULTON","Orange roughy Cascade Plateau",2008-04-30,2010-06-15
"CSIRO-BIGHTREDSE-1958-2007-FULTON","Bight redfish Southeast Australia",2008-04-30,2010-06-15
"CSIRO-GTPRAWNNAUST-1970-2006-FULTON","Northern Australia grooved Tiger Prawn",2008-04-30,2010-06-14
"CSIRO-BTSHRIMPNAUST-1970-2006-FULTON","Northern Australia brown tiger shrimp",2008-04-30,2010-06-14
"CSIRO-TIGERFLATSE-1913-2006-FULTON","Tiger flathead Southeast Australia",2008-04-30,2010-07-15
"CSIRO-SWHITSE-1945-2007-FULTON","School whiting Southeast Australia",2008-04-30,2010-06-15
"CSIRO-NZLINGESE-1968-2007-FULTON","New Zealand ling Eastern half of Southeast Australia",2008-04-30,2010-06-15
"CSIRO-SILVERFISHSE-1978-2006-FULTON","Silverfish Southeast Australia",2008-04-30,2010-06-15
"CSIRO-WAREHOUWSE-1984-2006-FULTON","Blue Warehou Western half of Southeast Australia",2008-04-30,2010-06-15
"CSIRO-WAREHOUESE-1984-2006-FULTON","Blue Warehou Eastern half of Southeast Australia",2008-04-30,2010-06-15
"CSIRO-NZLINGWSE-1968-2007-FULTON","New Zealand ling Western half of Southeast Australia",2008-04-30,2010-06-15
"CSIRO-GEMFISHSE-1966-2007-FULTON","common gemfish Southeast Australia",2008-04-30,2010-06-15
"CSIRO-MORWONGSE-1913-2007-FULTON","Jackass morwong Southeast Australia",2008-04-30,2010-06-15
"CSIRO-OROUGHYSE-1978-2007-FULTON","Orange roughy Southeast Australia",2008-04-30,2010-06-15
"DFO-NFLD-COD3Ps-1959-2004-PREFONTAINE","Atlantic cod NAFO 3Ps",2008-05-27,2009-06-08
"DFO-NFLD-COD2J3KLIS-1959-2006-PREFONTAINE","Atlantic cod NAFO 2J3KL inshore",2008-05-28,2009-03-17
"DFO-POLL4VWX5Zc-1974-2007-PREFONTAINE","Pollock NAFO-4VWX5Zc",2008-05-29,2009-03-17
"DFO-QUE-HERR4RSP-1963-2004-PREFONTAINE","Herring NAFO 4R spring spawners",2008-05-30,2010-07-14
"DFO-HERR4VWX-1965-2006-PREFONTAINE","Herring Scotian Shelf and Bay of Fundy",2008-06-02,2009-03-17
"DFO-NFLD-AMPL23K-1960-2004-PREFONTAINE","American Plaice NAFO-23K",2008-06-03,2009-06-08
"DFO-MAR-HAD4X5Y-1960-2003-PREFONTAINE","Haddock NAFO-4X5Y",2008-06-03,2011-03-02
"DFO-HAD5Zejm-1968-2003-PREFONTAINE","Haddock NAFO-5Zejm",2008-06-04,2010-07-14
"DFO-QUE-HERR4RFA-1971-2003-PREFONTAINE","Herring NAFO 4R fall spawners",2008-06-05,2010-07-14
"DFO-SG-HERR4TSP-1974-2007-PREFONTAINE","Herring NAFO 4T spring spawners",2008-06-05,2010-07-14
"DFO-SG-HERR4TFA-1974-2007-PREFONTAINE","Herring NAFO 4T fall spawners",2008-06-05,2010-07-14
"DFO-MAR-COD4VsW-1958-2002-PREFONTAINE","Atlantic cod NAFO 4VsW",2008-06-09,2009-06-08
"DFO-COD5Zjm-1978-2003-PREFONTAINE","Atlantic cod NAFO 5Zjm",2008-06-10,2011-03-01
"DFO-MAR-WHAKE4VWX5-1964-2005-PREFONTAINE","White hake Scotian Shelf, Bay of Fundy and Georges Bank",2008-06-18,2009-06-08
"DFO-NFLD-MONK2J3KLNOPs-1977-2000-PREFONTAINE","Monkfish Labrador Shelf - Grand Banks - St. Pierre Bank",2008-06-26,2009-06-08
"NAFO-SC-GHAL23KLMNO-1960-2006-PREFONTAINE","Greenland halibut NAFO 23KLMNO",2008-07-02,2009-03-17
"DFO-QUE-GHAL4RST-1970-2002-PREFONTAINE","Greenland halibut NAFO 4RST",2008-07-03,2009-03-17
"DFO-NFLD-AMPL3Ps-1960-2005-PREFONTAINE","American Plaice NAFO-3Ps",2008-07-04,2009-03-17
"DFO-MAR-BSKATCANATL-1970-1987-PREFONTAINE","Barndoor skate Canadian Atlantic Ocean",2008-07-09,2009-03-17
"DFO-QUE-REDFISHSPP3Pn4RSTVn-1953-2000-PREFONTAINE","Redfish species NAFO 3Pn4RSTVn",2008-07-25,2009-03-17
"NAFO-SC-REDFISHSPP3M-1989-2006-PREFONTAINE","Redfish species NAFO 3M",2008-07-28,2009-03-17
"NAFO-SC-REDFISHSPP1-1965-2004-PREFONTAINE","Redfish species NAFO 1",2008-07-29,2009-03-17
"DFO-PAC-HERRSOG-1951-2007-COLLIE","Pacific herring Straight of Georgia",2008-07-29,2010-07-16
"DFO-PAC-HERRWCVANI-1951-2007-COLLIE","Pacific herring West Coast of Vancouver Island",2008-07-29,2010-07-16
"DFO-PAC-HERRQCI-1951-2007-COLLIE","Pacific herring Queen Charlotte Islands",2008-07-30,2010-07-16
"DFO-PAC-HERRPRD-1951-2007-COLLIE","Pacific herring Prince Rupert District",2008-07-30,2010-07-16
"DFO-PAC-HERRCC-1951-2007-COLLIE","Pacific herring Central Coast",2008-07-30,2010-07-16
"DFO-NFLD-REDFISHSPP23K-1959-2001-PREFONTAINE","Redfish species NAFO 23K",2008-08-19,2009-03-17
"DFO-QUE-COD3Pn4RS-1964-2007-PREFONTAINE","Atlantic cod NAFO 3Pn4RS",2008-08-20,2010-07-16
"NZMFishHOKIWG-HOKIWNZ-1972-2007-FRANCIS","Hoki Western New Zealand",2008-09-18,2010-07-21
"NZMFishHOKIWG-HOKIENZ-1972-2007-FRANCIS","Hoki Eastern New Zealand",2008-09-18,2010-07-19
"SPC-ALBASPAC-1959-2006-JENSEN","Albacore tuna South Pacific Ocean",2008-10-21,2010-07-16
"NEFSC-CODGB-1960-2008-BAUM","Atlantic cod Georges Bank",2008-10-24,2009-03-24
"SPC-BIGEYEWPO-1952-2006-JENSEN","Bigeye tuna Western Pacific Ocean",2008-10-30,2010-07-16
"NEFSC-HADGB-1930-2008-BAUM","Haddock Georges Bank",2008-10-30,2009-03-17
"NEFSC-SFLOUNMATLC-1940-2007-BAUM","Summer flounder Mid-Atlantic Coast",2008-11-03,2009-03-17
"NEFSC-YELLGB-1935-2008-BAUM","Yellowtail flounder Georges Bank",2008-11-04,2009-03-17
"NEFSC-CODGOM-1893-2008-BAUM","Atlantic cod Gulf of Maine",2008-11-04,2009-03-23
"NEFSC-YELLSNEMATL-1935-2008-BAUM","Yellowtail Flounder Southern New England-Mid Atlantic",2008-11-04,2009-03-24
"NWFSC-CROCKPCOAST-1916-2007-BRANCH","Canary rockfish Pacific Coast",2008-11-10,2009-03-17
"ICCAT-ALBANATL-1929-2005-WORM","Albacore tuna North Atlantic",2008-11-14,2010-07-16
"ICCAT-ATBTUNAWATL-1969-2007-WORM","Bluefin tuna Western Atlantic",2008-11-14,2010-07-18
"ICCAT-SWORDMED-1968-2006-JENSEN","Swordfish Mediterranean Sea",2008-11-17,2010-07-18
"SPC-YFINCWPAC-1952-2005-JENSEN","Yellowfin tuna Central Western Pacific",2008-11-18,2010-05-04
"WGBFAS-CODBA2532-1964-2007-JENNINGS","Atlantic cod Baltic Areas 25-32",2008-11-18,2010-07-18
"WGBFAS-CODBA2224-1969-2007-JENNINGS","Atlantic cod Baltic Areas 22 and 24",2008-11-18,2010-07-18
"NWFSC-ESOLEPCOAST-1876-2007-BRANCH","English sole Pacific Coast",2008-11-18,2010-03-17
"WGBFAS-HERR31-1979-2006-JENNINGS","Herring ICES 31",2008-11-18,2010-07-18
"WGBFAS-HERR30-1972-2007-JENNINGS","Herring ICES 30",2008-11-18,2010-07-18
"SPC-SKJCWPAC-1972-2006-JENSEN","Skipjack tuna Central Western Pacific",2008-11-18,2010-05-04
"SEFSC-GAGSATLC-1962-2005-JENSEN","Gag Southern Atlantic coast",2008-11-19,2010-03-16
"NWFSC-BLACKROCKSPCOAST-1915-2007-BRANCH","Black rockfish Southern Pacific Coast",2008-11-19,2010-03-16
"NWFSC-ARFLOUNDPCOAST-1916-2007-BRANCH","Arrowtooth flounder Pacific Coast",2008-11-19,2010-03-16
"SEFSC-GRAMBERGM-1986-2004-JENSEN","Greater amberjack Gulf of Mexico",2008-11-19,2010-03-16
"SEFSC-VSNAPGM-1981-2004-JENSEN","Vermilion snapper Gulf of Mexico",2008-11-19,2010-03-16
"WGBFAS-SPRAT22-32-1973-2007-JENNINGS","Sprat ICES Baltic Areas 22-32",2008-11-19,2010-07-18
"SEFSC-GAGGM-1963-2004-JENSEN","Gag Gulf of Mexico",2008-11-19,2010-03-16
"WGHMM-HAKENRTN-1977-2007-JENNINGS","Hake Northeast Atlantic North",2008-11-20,2010-07-18
"NWFSC-BLACKROCKNPCOAST-1914-2006-BRANCH","Black rockfish Northern Pacific Coast",2008-11-20,2010-03-16
"WGNSSK-HADROCK-1990-2007-JENNINGS","Haddock Rockall Bank",2008-11-20,2010-07-18
"SEFSC-GTRIGGM-1981-2004-JENSEN","Gray triggerfish Gulf of Mexico",2008-11-21,2010-07-21
"NWFSC-BLUEROCKCAL-1916-2007-BRANCH","Blue rockfish California",2008-11-21,2009-06-02
"NWFSC-CHILISPCOAST-1892-2007-BRANCH","Chilipepper Southern Pacific Coast",2008-11-21,2009-03-17
"WGBFAS-HERR2532-1973-2006-JENNINGS","Herring ICES 25-32",2008-11-21,2010-07-18
"WGHMM-HAKESOTH-1982-2007-JENNINGS","Hake Northeast Atlantic South",2008-11-21,2011-02-04
"WGMHSA-ANCHOBAYB-1986-2007-JENNINGS","Anchovy ICES VIII",2008-11-21,2010-07-18
"WGMHSA-MACKNEICES-1972-2007-JENNINGS","Mackerel ICES Northeast Atlantic",2008-11-21,2010-07-18
"WGBFAS-HERRRIGA-1976-2007-JENNINGS","Herring ICES 28",2008-11-21,2010-07-18
"WGMHSA-SARDPVIIIc-IXa-1978-2007-JENNINGS","European pilchard ICES VIIIc-IXa",2008-11-21,2010-07-18
"NWFSC-COWCODSCAL-1900-2007-BRANCH","Cowcod Southern California",2008-11-21,2009-06-02
"SEFSC-RSNAPSATLC-1945-2006-JENSEN","Red snapper Southern Atlantic coast",2008-11-22,2009-03-25
"SEFSC-RGROUPGM-1986-2005-JENSEN","Red grouper Gulf of Mexico",2008-11-22,2010-07-28
"WGSSDS-PLAICCELT-1976-2006-JENNINGS","European Plaice ICES VIIf-g",2008-11-22,2010-07-18
"NWFSC-LNOSESKAPCOAST-1915-2007-BRANCH","Longnose skate Pacific Coast",2008-11-23,2009-06-02
"NWFSC-WROCKPCOAST-1955-2006-BRANCH","Widow rockfish Pacific Coast",2008-11-23,2010-03-05
"SEFSC-GRAMBERSATLC-1946-2006-JENSEN","Greater amberjack Southern Atlantic coast",2008-11-23,2010-02-12
"SEFSC-KMACKSATLC-1981-2001-JENSEN","King mackerel Southern Atlantic Coast",2008-11-23,2009-03-25
"WGSSDS-PLAICECHW-1975-2006-JENNINGS","European Plaice ICES VIIe",2008-11-23,2010-07-18
"WGSSDS-SOLECS-1970-2006-JENNINGS","common European sole Celtic Sea",2008-11-23,2010-07-18
"NWFSC-DKROCKPCOAST-1928-2007-BRANCH","Darkblotched rockfish Pacific Coast",2008-11-23,2010-03-05
"SEFSC-KMACKGM-1992-2001-JENSEN","King mackerel Gulf of Mexico",2008-11-23,2010-03-05
"NWFSC-SABLEFPCOAST-1900-2007-BRANCH","Sablefish Pacific Coast",2008-11-23,2010-07-21
"NWFSC-BOCACCSPCOAST-1951-2006-BRANCH","Bocaccio Southern Pacific Coast",2008-11-23,2010-03-19
"WGHMM-SOLEVIII-1982-2006-JENNINGS","common European sole Bay of Biscay",2008-11-23,2010-07-18
"NWFSC-YEYEROCKPCOAST-1923-2006-BRANCH","Yelloweye rockfish Pacific Coast",2008-11-23,2009-03-17
"NWFSC-PHAKEPCOAST-1966-2008-BRANCH","Pacific hake Pacific Coast",2008-11-24,2010-05-27
"NEFSC-HAD5Y-1956-2008-BAUM","Haddock NAFO-5Y",2008-11-24,2009-03-23
"WGHMM-MEG8c9a-1985-2007-JENNINGS","Megrim ICES VIIIc-IXa",2008-11-24,2010-07-18
"WGHMM-FMEG8c9a-1986-2006-JENNINGS","Fourspotted megrim ICES VIIIc-IXa",2008-11-24,2010-07-18
"NWFSC-POPERCHPCOAST-1953-2007-BRANCH","Pacific ocean perch Pacific Coast",2008-11-24,2010-03-19
"SWFSC-SBELLYROCKPCOAST-1950-2005-BRANCH","Shortbelly rockfish Pacific Coast",2008-11-24,2011-03-02
"WGSSDS-HADVIIb-k-1993-2006-JENNINGS","Haddock ICES VIIb-k",2008-11-24,2010-07-18
"SEFSC-MUTSNAPSATLCGM-1981-2006-JENSEN","Mutton snapper Southern Atlantic coast and Gulf of Mexico",2008-11-25,2009-03-25
"SEFSC-RPORGYSATLC-1972-2004-JENSEN","Red porgy Southern Atlantic coast",2008-11-25,2010-05-05
"WGNPBW-BWHITNEA-1980-2007-JENNINGS","Whiting Northeast Atlantic",2008-11-25,2010-07-18
"SEFSC-SPANMACKSATLC-1950-2008-JENSEN","Spanish mackerel Southern Atlantic Coast",2008-11-25,2010-04-30
"WGBFAS-HERRIsum-1983-2007-JENNINGS","Herring Iceland (Summer spawners)",2008-11-25,2010-07-18
"WGSSDS-SOLEVIIe-1968-2006-JENNINGS","common European sole Western English Channel",2008-11-25,2010-07-18
"NEFSC-YELLCCODGOM-1935-2008-LEGAULT","Yellowtail flounder Cape Cod / Gulf of Maine",2008-11-26,2009-03-17
"AFWG-GHALNEAR-1959-2007-JENNINGS","Greenland halibut Northeast Arctic",2008-11-26,2010-07-18
"HAWG-HERRNIRS-1960-2006-JENNINGS","Herring Northern Irish Sea",2008-11-26,2010-08-26
"WGSSDS-WHITVIIek-1982-2007-JENNINGS","Whiting ICES VIIe-k",2008-11-27,2010-07-18
"WGBFAS-SOLEIIIa-1982-2007-JENNINGS","common European sole ICES Kattegat and Skagerrak",2008-11-27,2010-07-18
"TAFI-TASGIANTCRABTAS-1990-2007-JENSEN","Tasmanian giant crab Tasmania",2008-11-29,2010-06-14
"IATTC-BIGEYEEPAC-1975-2007-JENSEN","Bigeye tuna Eastern Pacific",2008-11-30,2010-07-16
"NEFSC-WINFLOUNSNEMATL-1940-2007-TERCEIRO","Winter Flounder Southern New England-Mid Atlantic",2008-12-03,2010-03-16
"ADFG-HERRPWS-1980-2006-COLLIE","Pacific herring Prince William Sound",2008-12-08,2010-07-27
"ADFG-HERRSITKA-1978-2007-COLLIE","Pacific herring Sitka",2008-12-08,2010-07-27
"NEFSC-WITFLOUN5Y-1982-2008-WIGLEY","Witch Flounder NAFO-5Y",2008-12-10,2010-07-27
"INIDEP-ARGHAKENARG-1985-2007-Parma","Argentine hake Northern Argentina",2008-12-11,2010-07-13
"NEFSC-OPOUTNWATLC-1962-2008-WIGLEY","Ocean pout Northwestern Atlantic Coast",2008-12-11,2009-03-17
"NEFSC-AMPL5YZ-1960-2008-OBRIEN","American Plaice NAFO-5YZ",2008-12-12,2009-03-23
"INIDEP-ARGANCHOSARG-1992-2007-Parma","Argentine anchoita Southern Argentina",2008-12-20,2010-07-13
"INIDEP-ARGANCHONARG-1989-2007-Parma","Argentine anchoita Northern Argentina",2008-12-20,2010-07-13
"INIDEP-PATGRENADIERSARG-1983-2006-Parma","Patagonian grenadier Southern Argentina",2008-12-30,2010-07-14
"INIDEP-SBWHITARGS-1985-2007-Parma"," Southern blue whiting Southern Argentina",2008-12-30,2010-07-13
"MARAM-ANCHOSA-1984-2006-deMoor","Anchovy South Africa",2009-01-16,2010-07-16
"MARAM-SARDSA-1984-2006-deMoor","Sardine South Africa",2009-01-16,2010-07-16
"ICCAT-ATBTUNAEATL-1969-2007-WORM","Bluefin tuna Eastern Atlantic",2009-01-22,2010-07-18
"MARAM-CRLOBSTERSA8-1910-2008-Johnston","South African west coast rock lobster South Africa Area 8",2009-02-12,2010-07-16
"MARAM-CTRACSA-1950-2007-Johnston","Cape horse mackerel South Africa South coast",2009-02-12,2010-07-16
"MARAM-SSLOBSTERSASC-1973-2008-Johnston","Southern spiny lobster South Africa South coast",2009-02-12,2011-03-02
"MARAM-CRLOBSTERSA12-1910-2008-Johnston","South African west coast rock lobster South Africa Areas 1-2",2009-02-12,2010-07-16
"MARAM-CRLOBSTERSA34-1910-2008-Johnston","South African west coast rock lobster South Africa Areas 3-4",2009-02-12,2010-07-16
"MARAM-CRLOBSTERSA56-1910-2008-Johnston","South African west coast rock lobster South Africa Areas 5-6",2009-02-12,2010-07-16
"MARAM-CRLOBSTERSA7-1910-2008-Johnston","South African west coast rock lobster South Africa Area 7",2009-02-12,2010-07-16
"MARAM-DEEPCHAKESA-1917-2008-DEDECKER","Deep-water cape hake South Africa",2009-02-13,2010-07-16
"MARAM-CHAKESA-1917-2008-DEDECKER","Shallow-water cape hake South Africa",2009-02-13,2010-07-16
"SEFSC-MENATGM-1964-2004-GILROY","Gulf menhaden Gulf of Mexico",2009-02-16,2010-07-21
"MARAM-PTOOTHFISHPEI-1960-2008-DEDECKER","Patagonian toothfish South Africa Subantarctic Prince Edward Islands",2009-03-05,2010-07-16
"NZMFishMIDDEPTHSWG-NZLINGLIN6b-1980-2006-JENSEN","New Zealand ling New Zealand Area LIN 6b",2009-03-09,2010-07-19
"NZMFishMIDDEPTHSWG-NZLINGLIN5-6-1972-2007-JENSEN","New Zealand ling New Zealand Areas LIN 5 and 6",2009-03-09,2010-07-19
"NZMFishINSHOREWG-TREVALLYTRE7-1944-2005-JENSEN","Trevally New Zealand Areas TRE 7",2009-03-09,2010-07-19
"NZMFishMIDDEPTHSWG-SBWHITACIR-1979-2006-JENSEN","Southern blue whiting Campbell Island Rise",2009-03-09,2010-07-20
"NZMFishMIDDEPTHSWG-NZLINGLIN3-4-1972-2007-JENSEN","New Zealand ling New Zealand Areas LIN 3 and 4",2009-03-09,2010-07-19
"NZMFishMIDDEPTHSWG-NZLINGLIN72-1972-2007-JENSEN","New Zealand ling New Zealand Area LIN 72",2009-03-09,2010-07-19
"NZMFishMIDDEPTHSWG-NZLINGLIN7WC-1972-2008-JENSEN","New Zealand ling New Zealand Area LIN 7WC - WCSI",2009-03-09,2010-07-19
"NZMFishSHELLFISHWG-PAUAPAU5A-1964-2006-JENSEN","New Zealand abalone species New Zealand Area PAU 5A",2009-03-11,2010-07-21
"NZMFishSHELLFISHWG-PAUAPAU5B-1963-2007-JENSEN","New Zealand abalone species New Zealand Area PAU 5B",2009-03-11,2010-07-21
"NZMFishSHELLFISHWG-PAUAPAU5D-1964-2006-JENSEN","New Zealand abalone species New Zealand Area PAU 5D",2009-03-11,2010-07-21
"NZMFishMIDDEPTHSWG-SOUTHHAKESA-1975-2007-JENSEN","Southern hake Sub-Antarctic",2009-03-11,2010-07-20
"NZMFishMIDDEPTHSWG-SOUTHHAKECR-1975-2006-JENSEN","Southern hake Chatham Rise",2009-03-11,2010-07-20
"NIWA-AUSSALMONNZ-1975-2006-JENSEN","Australian salmon New Zealand",2009-03-11,2010-07-19
"NZMFishMIDDEPTHSWG-GEMFISHNZ-1952-2007-JENSEN","common gemfish New Zealand",2009-03-11,2010-07-19
"NZMFishSHELLFISHWG-PAUAPAU7-1964-2008-JENSEN","New Zealand abalone species New Zealand Area PAU 7",2009-03-11,2010-07-21
"IPHC-PHALNPAC-1988-2009-Parma","Pacific halibut North Pacific",2009-03-12,2009-04-24
"MARAM-SAABALONESA-1951-2008-PLAGANYI","South African abalone South Africa",2009-03-13,2010-07-16
"NZMFishINSHOREWG-NZSNAPNZ8-1931-2005-JENSEN","New Zealand snapper New Zealand Area 8",2009-03-24,2010-07-19
"NIWA-OROUGHYNZMEC-1981-2004-JENSEN","Orange roughy New Zealand Mid East Coast",2009-03-24,2010-07-20
"SWFSC-CMACKPCOAST-1929-2008-PINSKY","Pacific chub mackerel Pacific Coast",2009-03-27,2010-04-13
"SWFSC-SARDPCOAST-1981-2007-PINSKY","Pacific sardine Pacific Coast",2009-03-27,2009-11-04
"MARAM-KINGKLIPSA-1932-2008-DEDECKER","Kingklip South Africa",2009-03-29,2010-07-16
"AFSC-REYEROCKBSAI-1974-2009-STANTON","Rougheye rockfish Bering Sea and Aleutian Islands",2009-03-31,2010-02-10
"AFSC-SRAKEROCKBSAI-1977-2008-STANTON","Shortraker rockfish Bering Sea and Aleutian Islands",2009-04-01,2009-05-14
"AFSC-ARFLOUNDBSAI-1970-2008-STANTON","Arrowtooth flounder Bering Sea and Aleutian Islands",2009-04-03,2010-02-10
"AFSC-NRSOLEEBSAI-1971-2008-STANTON","Northern rock sole Eastern Bering Sea and Aleutian Islands",2009-04-06,2010-02-10
"AFSC-FLSOLEBSAI-1977-2008-STANTON","Flathead sole Bering Sea and Aleutian Islands",2009-04-06,2010-03-16
"NZMFishLOBSTERWG-RROCKLOBSTERCRA4-1945-2005-JENSEN","Red rock lobster New Zealand area CRA4",2009-04-07,2010-07-19
"NZMFishDEEPWATER-BLACKOREOWECR-1973-2007-JENSEN","Black oreo West end of Chatham Rise",2009-04-07,2010-07-19
"SWFSC-STFLOUNNPCOAST-1970-2005-STANTON","Starry flounder Northern Pacific Coast",2009-04-07,2011-03-02
"SWFSC-STFLOUNSPCOAST-1970-2005-STANTON","Starry flounder Southern Pacific Coast",2009-04-07,2011-03-02
"NZMFishLOBSTERWG-RROCKLOBSTERCRA3-1945-2007-JENSEN","Red rock lobster New Zealand area CRA3",2009-04-07,2010-07-19
"CCAMLR-ATOOTHFISHRS-1995-2007-JENSEN","Antarctic toothfish Ross Sea",2009-04-07,2010-06-14
"AFSC-NROCKBSAI-1974-2009-STANTON","Northern rockfish Bering Sea and Aleutian Islands",2009-04-07,2010-02-10
"NZMFishLOBSTERWG-RROCKLOBSTERCRA2-1945-2001-JENSEN","Red rock lobster New Zealand area CRA2",2009-04-07,2010-07-19
"NZMFishLOBSTERWG-RROCKLOBSTERCRA5-1945-2002-JENSEN","Red rock lobster New Zealand area CRA5",2009-04-07,2010-07-19
"NZMFishLOBSTERWG-RROCKLOBSTERCRA1-1945-2001-JENSEN","Red rock lobster New Zealand area CRA1",2009-04-07,2010-07-19
"NZMFishLOBSTERWG-RROCKLOBSTERCRA7-1976-2005-JENSEN","Red rock lobster New Zealand area CRA7",2009-04-07,2010-07-19
"NZMFishLOBSTERWG-RROCKLOBSTERCRA8-1976-2005-JENSEN","Red rock lobster New Zealand area CRA8",2009-04-07,2010-07-19
"NZMFishDEEPWATER-SMOOTHOREOWECR-1973-2004-JENSEN","Smooth oreo West end of Chatham Rise",2009-04-07,2010-07-19
"AFSC-GHALBSAI-1960-2009-STANTON","Greenland turbot Bering Sea and Aleutian Islands",2009-04-07,2010-02-12
"AFSC-ATKABSAI-1976-2009-STANTON","Atka mackerel Bering Sea and Aleutian Islands",2009-04-08,2010-02-10
"IOTC-BIGEYEIO-1957-2006-JENSEN","Bigeye tuna Indian Ocean",2009-04-08,2010-07-19
"ICCAT-YFINATL-1970-2006-JENSEN","Yellowfin tuna Atlantic",2009-04-10,2010-07-16
"ICCAT-SWORDNATL-1978-2007-JENSEN","Swordfish North Atlantic",2009-04-10,2010-07-18
"ICCAT-BIGEYEATL-1950-2005-JENSEN","Bigeye tuna Atlantic",2009-04-10,2010-07-16
"ICCAT-SWORDSATL-1970-2005-JENSEN","Swordfish South Atlantic",2009-04-10,2010-07-18
"ICCAT-SKJEATL-1950-2006-JENSEN","Skipjack tuna Eastern Atlantic",2009-04-11,2010-07-16
"ICCAT-SKJWATL-1952-2006-JENSEN","Skipjack tuna Western Atlantic",2009-04-11,2010-07-16
"AFSC-GKINGCRABAIWS-1989-2007-JENSEN","Golden king crab Aleutian Islands Western segment",2009-04-13,2010-07-28
"AFSC-BKINGCRABPI-1960-2008-JENSEN","Blue king crab Pribilof Islands",2009-04-13,2010-07-28
"AFSC-BKINGCRABSMI-1960-2008-JENSEN","Blue king crab Saint Matthews Island",2009-04-13,2010-07-28
"AFSC-GKINGCRABAIES-1990-2007-JENSEN","Golden king crab Aleutian Islands Eastern segment",2009-04-13,2010-07-28
"AFSC-SNOWCRABBS-1979-2008-JENSEN","Snow crab Bering Sea",2009-04-13,2010-07-28
"AFSC-RKCRABBB-1960-2008-JENSEN","Red king crab Bristol Bay",2009-04-13,2010-07-28
"AFSC-RKCRABPI-1981-2009-JENSEN","Red king crab Pribilof Islands",2009-04-13,2010-07-28
"AFSC-RKCRABNS-1976-2008-JENSEN","Red king crab Norton Sound",2009-04-13,2010-07-28
"AFSC-PERCHEBSAI-1974-2009-STANTON","Pacific Ocean perch Eastern Bering Sea and Aleutian Islands",2009-04-13,2009-05-20
"AFSC-WPOLLEBS-1963-2008-MELNYCHUK","Walleye pollock Eastern Bering Sea",2009-04-14,2010-03-16
"AFSC-TANNERCRABBSAI-1965-2008-JENSEN","Tanner crab Bering Sea and Aleutian Islands",2009-04-14,2010-07-28
"AFSC-PCODBSAI-1964-2008-MELNYCHUK","Pacific cod Bering Sea and Aleutian Islands",2009-04-14,2010-07-27
"AFSC-SABLEFEBSAIGA-1956-2008-MELNYCHUK","Sablefish Eastern Bering Sea / Aleutian Islands / Gulf of Alaska",2009-04-14,2010-07-21
"AFSC-YSOLEBSAI-1959-2008-MELNYCHUK","Yellowfin sole Bering Sea and Aleutian Islands",2009-04-14,2009-05-22
"AFSC-ALPLAICBSAI-1972-2008-MELNYCHUK","Alaska plaice Bering Sea and Aleutian Islands",2009-04-14,2010-05-10
"NEFSC-ATHAL5YZ-1800-2007-COL","Atlantic Halibut NAFO-5YZ",2009-04-15,2009-10-01
"NEFSC-ACADREDGOMGB-1913-2007-MILLER","Acadian redfish Gulf of Maine / Georges Bank",2009-04-16,2009-11-08
"AFSC-WPOLLGA-1964-2008-MELNYCHUK","Walleye pollock Gulf of Alaska",2009-04-16,2009-05-22
"AFSC-PCODGA-1964-2008-MELNYCHUK","Pacific cod Gulf of Alaska",2009-04-16,2010-07-27
"AFSC-WPOLLAI-1976-2008-MELNYCHUK","Walleye pollock Aleutian Islands",2009-04-16,2009-05-26
"AFSC-POPERCHGA-1959-2008-MELNYCHUK","Pacific ocean perch Gulf of Alaska",2009-04-17,2009-05-26
"AFSC-NROCKGA-1959-2008-MELNYCHUK","Northern rockfish Gulf of Alaska",2009-04-17,2009-05-22
"NEFSC-BUTTERGOMCHATT-1965-2005-OVERHOLTZ","Atlantic butterfish Gulf of Maine / Cape Hatteras",2009-04-17,2009-11-06
"AFSC-REXSOLEGA-1979-2008-STANTON","Rex sole Gulf of Alaska",2009-04-20,2010-07-27
"NEFSC-POLL5YZ-1963-2007-MAYO","Pollock NAFO-5YZ",2009-04-20,2009-11-06
"AFSC-FLSOLEGA-1978-2008-STANTON","Flathead sole Gulf of Alaska",2009-04-20,2009-11-05
"NEFSC-WINDOWSNEMATL-1975-2007-HENDRICKSON","Windowpane Southern New England-Mid Atlantic",2009-04-20,2009-10-07
"NEFSC-WINDOWGOMGB-1975-2007-HENDRICKSON","Windowpane flounder - Gulf of Maine / Georges Bank",2009-04-20,2009-10-05
"NEFSC-ILLEXNWATLC-1967-2005-HENDRICKSON","Northern shortfin squid Northwestern Atlantic Coast",2009-04-20,2009-05-26
"NEFSC-WHAKEGBGOM-1963-2007-SOSEBEE","White hake Georges Bank / Gulf of Maine",2009-04-20,2010-03-17
"NEFSC-WINFLOUN5Z-1982-2007-HENDRICKSON","Winter Flounder NAFO-5Z",2009-04-20,2011-03-02
"NEFSC-BSKAT5YZSNE-1963-2005-SOSEBEE","Barndoor skate Gulf of Marine / Georges Bank-Southern New England",2009-04-21,2009-12-11
"NEFSC-TSKAT5YZSNE-1963-2005-SOSEBEE","Thorny skate Gulf of Marine / Georges Bank-Southern New England",2009-04-21,2009-12-14
"NEFSC-CSKATMATLC-1975-2005-SOSEBEE","Clearnose skate Mid-Atlantic Coast",2009-04-21,2009-12-11
"AFSC-DUSROCKGA-1973-2008-MELNYCHUK","Dusky rockfish Gulf of Alaska",2009-04-21,2009-05-22
"NEFSC-WSKAT5YCHATT-1967-2005-SOSEBEE","Winter skate Gulf of Maine / Cape Hatteras",2009-04-21,2009-12-14
"AFSC-ARFLOUNDGA-1958-2010-STANTON","Arrowtooth flounder Gulf of Alaska",2009-04-21,2010-02-10
"NEFSC-SDOGATLC-1962-2006-SOSEBEE","Spiny dogfish Atlantic Coast",2009-04-21,2009-12-11
"NEFSC-SSKAT5YZSNE-1963-2005-SOSEBEE","Smooth skate Gulf of Marine / Georges Bank-Southern New England",2009-04-21,2009-12-14
"NEFSC-LSKAT5YCHATT-1968-2006-SOSEBEE","Little skate Gulf of Maine / Cape Hatteras",2009-04-21,2009-12-14
"NEFSC-RSKATMATLC-1967-2005-SOSEBEE","Rosette skate Mid-Atlantic Coast",2009-04-21,2009-12-14
"NEFSC-SCALLGB-1964-2006-HART","Sea scallop Georges Bank",2009-04-22,2009-11-08
"NEFSC-WINFLOUND5Y-1982-2008-NITSCHKE","Winter Flounder NAFO-5Y",2009-04-22,2009-05-26
"NEFSC-MONKGOMNGB-1964-2006-RICHARDS","Monkfish Gulf of Maine / Northern Georges Bank",2009-04-22,2010-03-01
"NEFSC-SURFMATLC-1965-2008-JACOBSON","Atlantic surfclam Mid-Atlantic Coast",2009-04-22,2011-02-11
"NEFSC-TILEMATLC-1973-2008-NITSCHKE","Tilefish Mid-Atlantic Coast",2009-04-22,2009-11-08
"ASMFC-PANDALGOM-1960-2009-IDOINE","Northern shrimp Gulf of Maine",2009-04-22,2009-11-08
"NEFSC-SCALLMATLC-1964-2006-HART","Sea scallop Mid-Atlantic Coast",2009-04-22,2010-02-24
"AFSC-REYEROCKGA-1974-2007-MELNYCHUK","Rougheye rockfish Gulf of Alaska",2009-04-23,2009-05-22
"NEFSC-SHAKESGBMATL-1955-2005-COL","Silver hake Southern Georges Bank / Mid-Atlantic",2009-04-24,2010-02-11
"NEFSC-SHAKEGOMNGB-1955-2005-COL","Silver hake Gulf of Maine / Northern Georges Bank",2009-04-24,2010-01-04
"AFSC-DSOLEGA-1978-2010-STANTON","Dover sole Gulf of Alaska",2009-04-27,2009-11-06
"NEFSC-HERRNWATLC-1960-2005-OVERHOLTZ","Atlantic herring Northwestern Atlantic Coast",2009-04-29,2010-07-28
"SEFSC-SBARSHARATL-1975-2004-FAUCONNET","Sandbar shark Atlantic",2009-04-29,2010-02-25
"NEFSC-MACKGOMCHATT-1960-2005-OVERHOLTZ","Atlantic mackerel Gulf of Maine / Cape Hatteras",2009-04-29,2009-05-26
"NEFSC-STRIPEDBASSGOMCHATT-1982-2006-SHEPHERD","Striped bass Gulf of Maine / Cape Hatteras",2009-04-29,2009-11-06
"NEFSC-SCUPNWATLC-1960-2007-TERCEIRO","Scup Atlantic Coast",2009-04-29,2011-02-04
"NEFSC-BSBASSMATLC-1968-2007-SHEPHERD","Black sea bass Mid-Atlantic Coast",2009-04-29,2010-07-27
"NEFSC-BLUEFISHATLC-1981-2007-SHEPHERD","Bluefish Atlantic Coast",2009-04-30,2011-03-02
"NEFSC-MONKSGBMATL-1964-2006-RICHARDS","Monkfish Southern Georges Bank / Mid-Atlantic",2009-05-01,2010-03-01
"SEFSC-BTIPSHARGM-1981-2004-FAUCONNET","Blacktip shark Gulf of Mexico",2009-05-04,2010-07-21
"SEFSC-BTIPSHARATL-1981-2004-FAUCONNET","Blacktip shark Atlantic",2009-05-05,2010-07-21
"DFO-SG-SNOWCRABSGSL-1984-2007-ANDERSON","Snow crab Southern Gulf of St. Lawrence",2009-05-06,2009-12-03
"SEFSC-BNOSESHARATL-1950-2005-FAUCONNET","Blacknose shark Atlantic",2009-05-06,2010-07-21
"SEFSC-SNOSESHARATL-1950-2005-FAUCONNET","Atlantic sharpnose shark Atlantic",2009-05-07,2010-02-25
"SEFSC-FTOOTHSHARATL-1976-2005-FAUCONNET","Finetooth shark Atlantic",2009-05-07,2010-07-21
"SEFSC-BHEADSHARATL-1950-2005-FAUCONNET","Bonnethead shark Atlantic",2009-05-08,2010-02-25
"SWFSC-DSOLEPCOAST-1910-2005-STANTON","Dover sole Pacific Coast",2009-05-18,2010-02-10
"NWFSC-SSTHORNHPCOAST-1901-2005-STANTON","Shortspine thornyhead Pacific Coast",2009-05-18,2010-02-05
"AFSC-CABEZNCAL-1916-2005-STANTON","Cabezon Northern California",2009-05-19,2010-01-29
"NWFSC-BGROCKPCOAST-1950-2005-STANTON","Blackgill rockfish  Pacific Coast",2009-05-19,2009-11-10
"NWFSC-YTROCKNPCOAST-1967-2005-STANTON","Yellowtail rockfish Northern Pacific Coast",2009-05-19,2010-03-19
"AFSC-CABEZSCAL-1932-2005-STANTON","Cabezon Southern California",2009-05-19,2010-01-29
"PFMC-LINGCODNPCOAST-1956-2005-STANTON","Lingcod Northern Pacific Coast",2009-05-20,2009-11-09
"NWFSC-PSOLENPCOAST-1910-2005-STANTON","Petrale sole Northern Pacific Coast",2009-05-20,2010-07-27
"SWFSC-GOPHERSPCOAST-1965-2005-STANTON","Gopher rockfish Southern Pacific Coast",2009-05-20,2010-05-17
"NWFSC-PSOLESPCOAST-1874-2005-STANTON","Petrale sole Southern Pacific Coast",2009-05-20,2010-07-27
"PFMC-LINGCODSPCOAST-1956-2005-STANTON","Lingcod Southern Pacific Coast",2009-05-20,2009-11-09
"NWFSC-KELPGREENLINGORECOAST-1979-2005-STANTON","Kelp greenling Oregon Coast",2009-05-22,2010-01-28
"NWFSC-LSTHORNHPCOAST-1962-2005-STANTON","Longspine thornyhead Pacific Coast",2009-05-22,2009-11-10
"NEFSC-RDEEPCRABNWATL-1982-2008-CHUTE","Red deepsea crab Northwestern Atlantic",2009-05-27,2009-11-08
"NAFO-SC-YELL3LNO-1960-2009-BAUM","Yellowtail Flounder NAFO 3LNO",2009-05-28,2010-01-07
"NAFO-SC-AMPL3M-1960-2007-BAUM","American Plaice NAFO-3M",2009-05-28,2010-01-07
"NAFO-SC-COD3M-1959-2008-BAUM","Atlantic cod NAFO 3M",2009-05-28,2009-11-13
"NAFO-SC-REDFISHSPP3LN-1959-2008-BAUM","Redfish species NAFO 3LN",2009-05-28,2010-05-05
"SEFSC-SNOWGROUPSATLC-1961-2002-STANTON","Snowy grouper Southern Atlantic coast",2009-05-29,2010-07-27
"SEFSC-TILESATLC-1961-2002-STANTON","Tilefish Southern Atlantic coast",2009-05-29,2010-03-17
"SEFSC-YTSNAPSATLCGM-1962-2001-STANTON","Yellowtail snapper Southern Atlantic Coast and Gulf of Mexico",2009-06-01,2010-01-19
"SEFSC-VSNAPSATLC-1946-2008-STANTON","Vermilion snapper Southern Atlantic coast",2009-06-01,2010-03-05
"NMFS-MENATLAN-1940-2005-STANTON","Atlantic menhaden Atlantic",2009-06-10,2010-07-27
"IMARM-SFMAKONWPAC-1990-2003-FAUCONNET","Shortfin mako Nothwest Pacific Ocean",2009-06-11,2011-03-03
"SWFSC-CALSCORPSCAL-1990-2005-STANTON","California scorpionfish Southern California",2009-08-07,2009-11-03
"ASMFC-LOBSTERSNE-1981-2007-STANTON","American lobster Southern New England",2009-08-12,2009-11-12
"ASMFC-LOBSTERGOM-1981-2007-STANTON","American lobster Gulf of Maine",2009-08-12,2009-11-12
"ASMFC-LOBSTERGB-1981-2007-STANTON","American lobster Georges Bank",2009-08-12,2009-11-12
"ASMFC-ATLCROAKMATLC-1973-2002-STANTON","Atlantic croaker Mid-Atlantic Coast",2009-08-13,2009-11-03
"NZMFishDEEPWATER-SMOOTHOREOCR-1979-2006-JENSEN","Smooth oreo Chatham Rise",2009-11-05,2010-07-19
"SFI-WPOLLNSO-1985-1994-JENSEN","Walleye pollock Northern Sea of Okhotsk",2009-11-10,2009-11-11
"VNIRO-WPOLLWBS-1994-2004-JENSEN","Walleye pollock Western Bering Sea",2009-11-11,2009-11-11
"NEFSC-QUAHATLC-1978-2008-CHUTE","Ocean quahog Atlantic Coast",2009-12-29,2010-07-21
"INIDEP-ARGHAKESARG-1985-2008-Parma","Argentine hake Southern Argentina",2010-01-13,2010-07-13
"NEFSC-WEAKFISHATLC-1981-2008-STANTON","Weakfish Atlantic Coast",2010-04-11,2010-07-28
"DFO-PAC-SABLEFPCAN-1913-2004-STANTON","Sablefish Pacific Coast of Canada",2010-05-06,2011-02-24
"SEFSC-RSNAPEGM-1872-2003-STANTON","Red snapper Eastern Gulf of Mexico",2010-05-10,2010-05-12
"SEFSC-RSNAPWGM-1880-2003-STANTON","Red snapper Western Gulf of Mexico",2010-05-10,2010-05-12
"IMARPE-PANCHPERUNC-1963-2004-RICARD","Peruvian anchoveta North-Central Peru",2010-07-21,2010-07-21
"SPC-STMARLINSWPO-1950-2004-JENSEN","Striped marlin Southwestern Pacific Ocean",2011-01-14,2011-02-24
"CSERG-ANCHOVYKILKACS-1991-2007-JENSEN","Anchovy kilka Caspian Sea",2011-01-14,2011-01-14
"CCSBT-SC-SBT-1931-2009-Parma","Southern bluefin tuna Southern Oceans",2011-01-16,2011-02-24
"CSIRO-PTOOTHFISHMI-1975-2010-FAY","Patagonian toothfish Macquarie Island",2011-01-18,2011-02-24
"DFO-NFLD-COD2J3KL-1850-2005-RICARD","Atlantic cod NAFO 2J3KL",2011-02-11,2011-02-11
"SPRFMO-CHTRACCH-1950-2010-RICARD","Chilean jack mackerel Chilean EEZ and offshore",2011-02-28,2011-02-28
"DFO-MAR-CUSK4X-1970-2007-RICARD","Cusk NAFO 4X",2011-03-01,2011-03-02
"DFO-SG-COD4TVn-1965-2009-RICARD","Atlantic cod NAFO 4TVn",2011-03-01,2011-03-01
