"","mgmt","stock","scientificname","assessmethod","timespan","currentyear","Bratio","bfromassessment","Uratio","ufromassessment"
"49","AFMA","Bight redfish Southeast Australia","\textit{Centroberyx gerrardi}","Integrated Analysis","1958-2007",NA,NA,NA,NA,NA
"55","AFMA","New Zealand ling Eastern half of Southeast Australia","\textit{Genypterus blacodes}","Integrated Analysis","1968-2007",2007,0.589601982866493,"yes",2.20031929092725,"no"
"56","AFMA","New Zealand ling Western half of Southeast Australia","\textit{Genypterus blacodes}","Integrated Analysis","1968-2007",NA,NA,NA,NA,NA
"57","AFMA","Orange roughy Cascade Plateau","\textit{Hoplostethus atlanticus}","Integrated Analysis","1987-2006",NA,NA,NA,NA,NA
"58","AFMA","Orange roughy Southeast Australia","\textit{Hoplostethus atlanticus}","Integrated Analysis","1978-2007",2007,0.518699857410366,"yes",0.294142878169403,"no"
"54","AFMA","Jackass morwong Southeast Australia","\textit{Nemadactylus macropterus}","Integrated Analysis","1913-2007",2007,0.312739928072090,"yes",1.79756633961250,"no"
"61","AFMA","Tiger flathead Southeast Australia","\textit{Neoplatycephalus richardsoni}","Integrated Analysis","1913-2006",2006,1.98751367655862,"yes",1.02760248204873,"no"
"50","AFMA","Northern Australia brown tiger shrimp","\textit{Penaeus esculentus}","Biomass dynamics model","1970-2006",NA,NA,NA,NA,NA
"53","AFMA","Northern Australia grooved Tiger Prawn","\textit{Penaeus esculentus}","Biomass dynamics model","1970-2006",NA,NA,NA,NA,NA
"51","AFMA","Deepwater flathead Southeast Australia","\textit{Platycephalus conatus}","Integrated Analysis","1978-2007",2007,1.50638123335621,"yes",0.605294284387069,"no"
"282","AFMA","Tasmanian giant crab Tasmania","\textit{Pseudocarcinus gigas}","Unknown","1990-2007",NA,NA,NA,NA,NA
"52","AFMA","common gemfish Southeast Australia","\textit{Rexea solandri}","Integrated Analysis","1966-2007",2007,0.248653431825177,"yes",0.394576821047927,"no"
"62","AFMA","Blue Warehou Eastern half of Southeast Australia","\textit{Seriolella brama}","Integrated Analysis","1984-2006",2006,0.488055428017549,"yes",0.836484734086356,"no"
"63","AFMA","Blue Warehou Western half of Southeast Australia","\textit{Seriolella brama}","Integrated Analysis","1984-2006",2006,0.413227604326089,"yes",2.04426251382107,"no"
"59","AFMA","Silverfish Southeast Australia","\textit{Seriolella punctata}","Integrated Analysis","1978-2006",2006,1.03062657744341,"yes",0.79395563635935,"no"
"60","AFMA","School whiting Southeast Australia","\textit{Sillago flindersi}","Integrated Analysis","1945-2007",2007,0.663255272300995,"yes",0.82000379796871,"no"
"47","CCAMLR","Antarctic toothfish Ross Sea","\textit{Dissostichus mawsoni}","Integrated Analysis","1995-2007",NA,NA,NA,NA,NA
"109","CFP","Argentine anchoita Northern Argentina","\textit{Engraulis anchoita}","VPA","1989-2007",2007,1.36955102706402,"yes",0.168598524762908,"yes"
"110","CFP","Argentine anchoita Southern Argentina","\textit{Engraulis anchoita}","Biomass dynamics model","1992-2007",2007,3.13484672348656,"yes",0.0352941176470588,"yes"
"113","CFP","Patagonian grenadier Southern Argentina","\textit{Macruronus magellanicus}","VPA","1983-2006",2006,1.81662738697919,"yes",0.595021250758956,"yes"
"111","CFP","Argentine hake Northern Argentina","\textit{Merluccius hubbsi}","VPA","1985-2007",2007,0.163236253494874,"yes",1.26145303100416,"yes"
"112","CFP","Argentine hake Southern Argentina","\textit{Merluccius hubbsi}","VPA","1985-2008",2008,0.340695071615704,"yes",1.49358226371062,"yes"
"114","CFP"," Southern blue whiting Southern Argentina","\textit{Micromesistius australis}","VPA","1985-2007",NA,NA,NA,NA,NA
"127","DETMCM","Patagonian toothfish South Africa Subantarctic Prince Edward Islands","\textit{Dissostichus eleginoides}","Biomass dynamics model","1960-2008",NA,NA,NA,NA,NA
"117","DETMCM","Anchovy South Africa","\textit{Engraulis encrasicolus}","Statistical catch at age model","1984-2006",2006,0.97166736359418,"no",0.358369938456281,"no"
"126","DETMCM","Kingklip South Africa","\textit{Genypterus capensis}","Biomass dynamics model","1932-2008",2008,1.20478541928533,"yes",0.554641486636281,"no"
"128","DETMCM","South African abalone South Africa","\textit{Haliotis midae}","Statistical catch at age model","1951-2008",NA,NA,NA,NA,NA
"119","DETMCM","South African west coast rock lobster South Africa Areas 1-2","\textit{Jasus lalandii}","Statistical catch at age model","1910-2008",NA,NA,NA,NA,NA
"120","DETMCM","South African west coast rock lobster South Africa Areas 3-4","\textit{Jasus lalandii}","Statistical catch at age model","1910-2008",NA,NA,NA,NA,NA
"121","DETMCM","South African west coast rock lobster South Africa Areas 5-6","\textit{Jasus lalandii}","Statistical catch at age model","1910-2008",NA,NA,NA,NA,NA
"122","DETMCM","South African west coast rock lobster South Africa Area 7","\textit{Jasus lalandii}","Statistical catch at age model","1910-2008",NA,NA,NA,NA,NA
"123","DETMCM","South African west coast rock lobster South Africa Area 8","\textit{Jasus lalandii}","Statistical catch at age model","1910-2008",NA,NA,NA,NA,NA
"118","DETMCM","Shallow-water cape hake South Africa","\textit{Merluccius capensis}","Biomass dynamics model","1917-2008",2008,2.29592339449541,"yes",0.400027141007563,"no"
"125","DETMCM","Deep-water cape hake South Africa","\textit{Merluccius paradoxus}","Biomass dynamics model","1917-2008",NA,NA,NA,NA,NA
"130","DETMCM","Southern spiny lobster South Africa South coast","\textit{Palinurus gilchristi}","Statistical catch at age model","1973-2008",2008,0.514511537930082,"no",1.50488022159011,"no"
"129","DETMCM","Sardine South Africa","\textit{Sardinops sagax}","Statistical catch at age model","1984-2006",2006,0.752727373106407,"no",0.554929063783784,"no"
"124","DETMCM","Cape horse mackerel South Africa South coast","\textit{Trachurus capensis}","Biomass dynamics model","1950-2007",2007,1.47493502535493,"no",0.760576592973883,"no"
"67","DFO","Herring Scotian Shelf and Bay of Fundy","\textit{Clupea harengus}","VPA","1965-2006",NA,NA,NA,NA,NA
"83","DFO","Herring NAFO 4R fall spawners","\textit{Clupea harengus}","VPA","1971-2003",NA,NA,NA,NA,NA
"84","DFO","Herring NAFO 4R spring spawners","\textit{Clupea harengus}","VPA","1963-2004",NA,NA,NA,NA,NA
"86","DFO","Herring NAFO 4T fall spawners","\textit{Clupea harengus}","VPA","1974-2007",NA,NA,NA,NA,NA
"87","DFO","Herring NAFO 4T spring spawners","\textit{Clupea harengus}","VPA","1974-2007",NA,NA,NA,NA,NA
"73","DFO","Pacific herring Central Coast","\textit{Clupea pallasii}","Statistical catch at age model","1951-2007",2007,0.299670833780449,"no",0.112273242182632,"no"
"74","DFO","Pacific herring Prince Rupert District","\textit{Clupea pallasii}","Statistical catch at age model","1951-2007",2007,0.163490617213574,"no",0.324794893857959,"no"
"75","DFO","Pacific herring Queen Charlotte Islands","\textit{Clupea pallasii}","Statistical catch at age model","1951-2007",2007,0.204224704658958,"no",0,"no"
"76","DFO","Pacific herring Straight of Georgia","\textit{Clupea pallasii}","Statistical catch at age model","1951-2007",2007,0.911200656406296,"no",0.404049636266064,"no"
"77","DFO","Pacific herring West Coast of Vancouver Island","\textit{Clupea pallasii}","Statistical catch at age model","1951-2007",2007,0.0339331920597717,"no",0,"no"
"78","DFO","Pacific cod Hecate Strait","\textit{Gadus macrocephalus}","Biomass dynamics model","1956-2005",2004,0.366134555688604,"no",0.251972099797116,"no"
"79","DFO","Pacific cod West Coast of Vancouver Island","\textit{Gadus macrocephalus}","Biomass dynamics model","1956-2002",2001,0.281424834474386,"no",0.614688789348834,"no"
"64","DFO","Atlantic cod NAFO 5Zjm","\textit{Gadus morhua}","VPA","1978-2003",2002,0.339762819768685,"no",0.448821892089302,"no"
"68","DFO","Atlantic cod NAFO 4VsW","\textit{Gadus morhua}","Unknown","1958-2002",NA,NA,NA,NA,NA
"69","DFO","Atlantic cod NAFO 2J3KL","\textit{Gadus morhua}","VPA","1850-2005",NA,NA,NA,NA,NA
"70","DFO","Atlantic cod NAFO 2J3KL inshore","\textit{Gadus morhua}","VPA","1959-2006",NA,NA,NA,NA,NA
"71","DFO","Atlantic cod NAFO 3Ps","\textit{Gadus morhua}","VPA","1959-2004",2004,0.485220543567911,"no",0.406768519514643,"no"
"82","DFO","Atlantic cod NAFO 3Pn4RS","\textit{Gadus morhua}","VPA","1964-2007",2006,0.0887036425571737,"no",0.789993191124082,"no"
"85","DFO","Atlantic cod NAFO 4TVn","\textit{Gadus morhua}","VPA","1965-2007",2006,0.165484787099320,"no",0.317539901812339,"no"
"80","DFO","Rock sole Hecate Strait","\textit{Lepidopsetta bilineata}","Statistical catch at age model","1945-2001",2001,1.02685607302652,"no",0.446307749544945,"no"
"65","DFO","Haddock NAFO-4X5Y","\textit{Melanogrammus aeglefinus}","VPA","1960-2003",2003,0.85007587790515,"no",0.327808338368302,"no"
"66","DFO","Haddock NAFO-5Zejm","\textit{Melanogrammus aeglefinus}","VPA","1968-2003",NA,NA,NA,NA,NA
"72","DFO","English sole Hecate Strait","\textit{Parophrys vetulus}","Statistical catch at age model","1944-2001",2001,1.23476040933849,"no",0.366873468544196,"no"
"81","DFO","Pollock NAFO-4VWX5Zc","\textit{Pollachius virens}","VPA","1974-2007",2006,0.556386050082895,"no",0.304400700502543,"no"
"95","IATTC","Yellowfin tuna Eastern Pacific","\textit{Thunnus albacares}","Statistical catch at age model","1975-2007",NA,NA,NA,NA,NA
"94","IATTC","Bigeye tuna Eastern Pacific","\textit{Thunnus obesus}","Integrated Analysis","1975-2007",NA,NA,NA,NA,NA
"100","ICCAT","Skipjack tuna Eastern Atlantic","\textit{Katsuwonus pelamis}","Biomass dynamics model","1950-2006",2006,1.7100803580272,"no",0.270376933906668,"yes"
"101","ICCAT","Skipjack tuna Western Atlantic","\textit{Katsuwonus pelamis}","Biomass dynamics model","1952-2006",2006,1.71933340324816,"no",0.323252454415775,"yes"
"96","ICCAT","Albacore tuna North Atlantic","\textit{Thunnus alalunga}","VPA","1929-2005",2005,0.812874251497006,"yes",1.48950276243094,"yes"
"105","ICCAT","Yellowfin tuna Atlantic","\textit{Thunnus albacares}","VPA","1970-2006",2006,1.06856875686941,"yes",0.809722127398102,"yes"
"99","ICCAT","Bigeye tuna Atlantic","\textit{Thunnus obesus}","Biomass dynamics model","1950-2005",2005,0.900007322544784,"no",0.870646766169154,"yes"
"97","ICCAT","Bluefin tuna Eastern Atlantic","\textit{Thunnus thynnus}","VPA","1969-2007",2007,0.335605633632410,"yes",9.38087125608202,"yes"
"98","ICCAT","Bluefin tuna Western Atlantic","\textit{Thunnus thynnus}","VPA","1969-2007",2007,0.57387113810404,"yes",1.32666666666667,"yes"
"102","ICCAT","Swordfish Mediterranean Sea","\textit{Xiphias gladius}","Biomass dynamics model","1968-2006",2006,0.93776641091219,"yes",1.26570048309179,"yes"
"103","ICCAT","Swordfish North Atlantic","\textit{Xiphias gladius}","Biomass dynamics model","1978-2007",2005,0.989979746408152,"yes",0.875481386392811,"yes"
"104","ICCAT","Swordfish South Atlantic","\textit{Xiphias gladius}","Biomass dynamics model","1970-2005",2005,1.53951595630756,"yes",0.49438202247191,"yes"
"318","ICES","Sandeel North Sea","\textit{Ammodytes marinus}","VPA","1983-2007",2007,0.919012087669737,"no",0.235719714284350,"no"
"88","ICES","Herring ICES 22-24-IIIa","\textit{Clupea harengus}","Statistical catch at age model","1991-2006",NA,NA,NA,NA,NA
"89","ICES","Herring Northern Irish Sea","\textit{Clupea harengus}","Statistical catch at age model","1960-2006",2006,0.720034098133272,"no",0.336658934516958,"no"
"90","ICES","Herring North Sea","\textit{Clupea harengus}","Statistical catch at age model","1960-2007",2006,0.65299664257668,"no",1.31808340876710,"no"
"91","ICES","Herring ICES VIa","\textit{Clupea harengus}","Statistical catch at age model","1957-2006",2006,0.179489914662529,"no",1.58857708136905,"no"
"92","ICES","Herring ICES VIa-VIIb-VIIc","\textit{Clupea harengus}","VPA","1969-2000",2000,0.495566942459571,"no",1.04178991366544,"no"
"287","ICES","Herring ICES 25-32","\textit{Clupea harengus}","VPA","1973-2006",2006,0.68661268018773,"no",0.786441357168947,"no"
"288","ICES","Herring ICES 30","\textit{Clupea harengus}","VPA","1972-2007",2006,1.19312880558138,"no",1.10052282708793,"no"
"289","ICES","Herring ICES 31","\textit{Clupea harengus}","VPA","1979-2006",2006,0.285818848535577,"no",1.60201271628018,"no"
"290","ICES","Herring Iceland (Summer spawners)","\textit{Clupea harengus}","VPA","1983-2007",2006,1.00000103627050,"no",0.790094284078096,"no"
"291","ICES","Herring ICES 28","\textit{Clupea harengus}","VPA","1976-2007",2006,1.20823578488545,"no",0.873536221148056,"no"
"299","ICES","Anchovy ICES VIII","\textit{Engraulis encrasicolus}","Biomass dynamics model","1986-2007",NA,NA,NA,NA,NA
"36","ICES","Atlantic cod coastal Norway","\textit{Gadus morhua}","VPA","1982-2006",2006,0.273934584229171,"no",2.16996074990954,"no"
"37","ICES","Atlantic cod Northeast Arctic","\textit{Gadus morhua}","VPA","1943-2006",2006,0.561596122977197,"no",1.42388576466740,"no"
"205","ICES","Atlantic cod Faroe Plateau","\textit{Gadus morhua}","VPA","1959-2006",2006,0.256108194535902,"no",1.52224096790067,"no"
"206","ICES","Atlantic cod Iceland","\textit{Gadus morhua}","Statistical catch at age model","1952-2006",2006,0.457627118644068,"no",1.16671302267516,"no"
"284","ICES","Atlantic cod Baltic Areas 22 and 24","\textit{Gadus morhua}","VPA","1969-2007",2006,0.364263763737695,"no",1.42883149384782,"no"
"285","ICES","Atlantic cod Baltic Areas 25-32","\textit{Gadus morhua}","VPA","1964-2007",2006,0.164751222372490,"no",1.45610498581687,"no"
"286","ICES","Atlantic cod Kattegat","\textit{Gadus morhua}","VPA","1970-2006",2006,0.187796520822351,"no",0.314303078454419,"no"
"303","ICES","Atlantic cod Irish Sea","\textit{Gadus morhua}","VPA","1968-2006",2006,0.151011346653752,"no",0.559128262831843,"no"
"304","ICES","Atlantic cod West of Scotland","\textit{Gadus morhua}","Statistical catch at age model","1977-2006",2006,0.119145274581060,"no",0.419315063565344,"no"
"310","ICES","Atlantic cod North Sea","\textit{Gadus morhua}","VPA","1962-2007",2006,0.187052484562661,"no",0.801403020199923,"no"
"294","ICES","Fourspotted megrim ICES VIIIc-IXa","\textit{Lepidorhombus boscii}","VPA","1986-2006",2006,0.703067932797663,"no",1.01233441883487,"no"
"297","ICES","Megrim ICES VIIIc-IXa","\textit{Lepidorhombus whiffiagonis}","VPA","1985-2007",2006,0.42673434856176,"no",1.07147818196174,"no"
"35","ICES","Capelin Barents Sea","\textit{Mallotus villosus}","Unknown","1965-2007",2006,0.173449863951465,"no",0,"no"
"204","ICES","Capelin Iceland","\textit{Mallotus villosus}","Survey index","1977-2007",2006,0.485595111868407,"no",0.852357878276946,"no"
"40","ICES","Haddock Northeast Arctic","\textit{Melanogrammus aeglefinus}","VPA","1947-2006",2006,1.10006376824797,"no",1.06260296131535,"no"
"207","ICES","Haddock Faroe Plateau","\textit{Melanogrammus aeglefinus}","VPA","1955-2006",2006,0.848699704364383,"no",1.07484607174575,"no"
"208","ICES","Haddock Iceland","\textit{Melanogrammus aeglefinus}","VPA","1977-2007",2007,0.984568943195487,"no",1.22612569413253,"no"
"305","ICES","Haddock Irish Sea","\textit{Melanogrammus aeglefinus}","Survey index","1972-2006",NA,NA,NA,NA,NA
"306","ICES","Haddock West of Scotland","\textit{Melanogrammus aeglefinus}","Statistical catch at age model","1977-2006",2006,0.576469077636763,"no",0.732218847607599,"no"
"311","ICES","Haddock ICES IIIa and North Sea","\textit{Melanogrammus aeglefinus}","VPA","1963-2006",2006,0.622940231015581,"no",0.251992764247266,"no"
"312","ICES","Haddock Rockall Bank","\textit{Melanogrammus aeglefinus}","VPA","1990-2007",NA,NA,NA,NA,NA
"322","ICES","Haddock ICES VIIb-k","\textit{Melanogrammus aeglefinus}","VPA","1993-2006",NA,NA,NA,NA,NA
"309","ICES","Whiting ICES VIa","\textit{Merlangius merlangus}","Survey index","1984-2007",NA,NA,NA,NA,NA
"321","ICES","Whiting ICES IIIa, VIId and North Sea","\textit{Merlangius merlangus}","VPA","1979-2006",2006,0.330166410823582,"no",1.03788090909436,"no"
"327","ICES","Whiting ICES VIIe-k","\textit{Merlangius merlangus}","VPA","1982-2007",2006,0.442524070088541,"no",1.24986838655651,"no"
"295","ICES","Hake Northeast Atlantic North","\textit{Merluccius merluccius}","VPA","1977-2007",2006,1.04378261094178,"no",0.735028340718792,"no"
"296","ICES","Hake Northeast Atlantic South","\textit{Merluccius merluccius}","VPA","1982-2007",NA,NA,NA,NA,NA
"302","ICES","Whiting Northeast Atlantic","\textit{Micromesistius poutassou}","Integrated Analysis","1980-2007",2006,0.66661044169074,"no",1.66266278307182,"no"
"307","ICES","European Plaice Irish Sea","\textit{Pleuronectes platessa}","Statistical catch at age model","1962-2006",2006,1.07314554899493,"no",0.227848653192576,"no"
"314","ICES","European Plaice ICES VIId","\textit{Pleuronectes platessa}","VPA","1979-2006",NA,NA,NA,NA,NA
"315","ICES","European Plaice ICES IIIa","\textit{Pleuronectes platessa}","VPA","1976-2006",NA,NA,NA,NA,NA
"316","ICES","European Plaice North Sea","\textit{Pleuronectes platessa}","VPA","1956-2006",NA,NA,NA,NA,NA
"323","ICES","European Plaice ICES VIIf-g","\textit{Pleuronectes platessa}","VPA","1976-2006",2006,0.646042040944754,"no",0.413352387394563,"no"
"324","ICES","European Plaice ICES VIIe","\textit{Pleuronectes platessa}","VPA","1975-2006",2006,0.513540074872325,"no",1.38664467662442,"no"
"41","ICES","Pollock Northeast Arctic","\textit{Pollachius virens}","VPA","1957-2006",2006,1.69551306950897,"no",0.596616251341792,"no"
"209","ICES","Pollock Faroe Plateau","\textit{Pollachius virens}","VPA","1958-2006",2006,0.989698907119726,"no",1.52180447994899,"no"
"317","ICES","Pollock ICES IIIa, VI and North Sea","\textit{Pollachius virens}","VPA","1964-2006",2006,0.574980114110634,"no",0.966874543520585,"no"
"38","ICES","Greenland halibut Northeast Arctic","\textit{Reinhardtius hippoglossoides}","VPA","1959-2007",2006,0.357715924880104,"no",1.20352446879046,"no"
"301","ICES","European pilchard ICES VIIIc-IXa","\textit{Sardina pilchardus}","Statistical catch at age model","1978-2007",NA,NA,NA,NA,NA
"300","ICES","Mackerel ICES Northeast Atlantic","\textit{Scomber scombrus}","Statistical catch at age model","1972-2007",2006,0.9761153054221,"no",0.733103935660011,"no"
"39","ICES","Golden Redfish Northeast Arctic","\textit{Sebastes norvegicus}","Statistical catch at age model","1986-2006",NA,NA,NA,NA,NA
"292","ICES","common European sole ICES Kattegat and Skagerrak","\textit{Solea vulgaris}","VPA","1982-2007",2006,1.24659278670582,"no",0.536075999922487,"no"
"298","ICES","common European sole Bay of Biscay","\textit{Solea vulgaris}","VPA","1982-2006",2006,0.755009947110486,"no",1.00200590671144,"no"
"308","ICES","common European sole Irish Sea","\textit{Solea vulgaris}","VPA","1968-2006",2006,0.364430254306365,"no",1.16255992712935,"no"
"319","ICES","common European sole North Sea","\textit{Solea vulgaris}","VPA","1956-2006",NA,NA,NA,NA,NA
"320","ICES","common European sole ICES VIId","\textit{Solea vulgaris}","VPA","1981-2006",NA,NA,NA,NA,NA
"325","ICES","common European sole Celtic Sea","\textit{Solea vulgaris}","VPA","1970-2006",2006,0.900246874612497,"no",0.951942141842146,"no"
"326","ICES","common European sole Western English Channel","\textit{Solea vulgaris}","VPA","1968-2006",2006,0.51185109786244,"no",1.73785864468214,"no"
"93","ICES","Sprat North Sea","\textit{Sprattus sprattus}","Statistical catch at age model","1995-2007",NA,NA,NA,NA,NA
"293","ICES","Sprat ICES Baltic Areas 22-32","\textit{Sprattus sprattus}","VPA","1973-2007",2006,1.12908033984200,"no",1.26673620328686,"no"
"313","ICES","Norway pout North Sea","\textit{Trisopterus esmarkii}","VPA","1983-2007",2006,0.900289499717783,"no",0.328633588669728,"no"
"108","IMARPE","Peruvian anchoveta North-Central Peru","\textit{Engraulis ringens}","VPA","1963-2004",NA,NA,NA,NA,NA
"115","IOTC","Bigeye tuna Indian Ocean","\textit{Thunnus obesus}","Biomass dynamics model","1957-2006",2004,1.22857142857143,"yes",0.966666666666667,"yes"
"116","IPHC","Pacific halibut North Pacific","\textit{Hippoglossus stenolepis}","Statistical catch at age model","1988-2009",NA,NA,NA,NA,NA
"48","Iran","Anchovy kilka Caspian Sea","\textit{Clupeonella engrauliformis}","Biomass dynamics model","1991-2007",NA,NA,NA,NA,NA
"210","MFish","Black oreo West end of Chatham Rise","\textit{Allocyttus niger}","Integrated Analysis","1973-2007",2007,0.990502060013855,"yes",0.824965395894428,"yes"
"177","MFish","Australian salmon New Zealand","\textit{Arripis trutta}","Integrated Analysis","1975-2006",2006,1.64485345012919,"yes",0.328125,"yes"
"215","MFish","New Zealand snapper New Zealand Area 8","\textit{Chrysophrys auratus}","Integrated Analysis","1931-2005",2005,0.353080364818751,"yes",2.49681040086674,"yes"
"225","MFish","New Zealand ling New Zealand Areas LIN 3 and 4","\textit{Genypterus blacodes}","Integrated Analysis","1972-2007",2007,3.06859446986501,"yes",0.0879935028248588,"yes"
"226","MFish","New Zealand ling New Zealand Areas LIN 5 and 6","\textit{Genypterus blacodes}","Integrated Analysis","1972-2007",2007,3.95890277162857,"yes",0.099139872611465,"yes"
"227","MFish","New Zealand ling New Zealand Area LIN 6b","\textit{Genypterus blacodes}","Integrated Analysis","1980-2006",2006,2.18689536250862,"yes",0.112956883116883,"yes"
"228","MFish","New Zealand ling New Zealand Area LIN 72","\textit{Genypterus blacodes}","Integrated Analysis","1972-2007",2007,2.48647635812674,"yes",0.323065772357724,"yes"
"229","MFish","New Zealand ling New Zealand Area LIN 7WC - WCSI","\textit{Genypterus blacodes}","Integrated Analysis","1972-2008",2008,2.21385731123217,"yes",0.133847425742574,"yes"
"233","MFish","New Zealand abalone species New Zealand Area PAU 5A","\textit{Haliotis iris}","Integrated Analysis","1964-2006",2006,0.720986660762088,"no",2.82550395483353,"no"
"234","MFish","New Zealand abalone species New Zealand Area PAU 5B","\textit{Haliotis iris}","Integrated Analysis","1963-2007",2007,1.01709029731011,"no",0.593023248933244,"no"
"235","MFish","New Zealand abalone species New Zealand Area PAU 5D","\textit{Haliotis iris}","Integrated Analysis","1964-2006",2006,0.441615411396078,"no",2.102737941243,"no"
"236","MFish","New Zealand abalone species New Zealand Area PAU 7","\textit{Haliotis iris}","Integrated Analysis","1964-2008",2008,0.873932791130533,"no",0.943132247338632,"no"
"178","MFish","Orange roughy New Zealand Mid East Coast","\textit{Hoplostethus atlanticus}","Integrated Analysis","1981-2004",2004,1.20446470577493,"yes",0.353021420454545,"yes"
"217","MFish","Red rock lobster New Zealand area CRA1","\textit{Jasus edwardsii}","Unknown","1945-2001",2001,1.13850310134499,"no",0.880726997674661,"no"
"218","MFish","Red rock lobster New Zealand area CRA2","\textit{Jasus edwardsii}","Unknown","1945-2001",2001,0.525341248416312,"no",2.11648554826416,"no"
"219","MFish","Red rock lobster New Zealand area CRA3","\textit{Jasus edwardsii}","Unknown","1945-2007",NA,NA,NA,NA,NA
"220","MFish","Red rock lobster New Zealand area CRA4","\textit{Jasus edwardsii}","Unknown","1945-2005",2005,0.668400655288767,"no",1.32511427170923,"no"
"221","MFish","Red rock lobster New Zealand area CRA5","\textit{Jasus edwardsii}","Unknown","1945-2002",2002,0.593494088777713,"no",1.68401574285901,"no"
"222","MFish","Red rock lobster New Zealand area CRA7","\textit{Jasus edwardsii}","Unknown","1976-2005",2005,0.72640924787574,"no",0.430804241833537,"no"
"223","MFish","Red rock lobster New Zealand area CRA8","\textit{Jasus edwardsii}","Unknown","1976-2005",2005,0.688990219046679,"no",0.488712310901693,"no"
"213","MFish","Hoki Eastern New Zealand","\textit{Macruronus novaezelandiae}","Integrated Analysis","1972-2007",2007,1.11108941524079,"no",0.325694554744171,"no"
"214","MFish","Hoki Western New Zealand","\textit{Macruronus novaezelandiae}","Integrated Analysis","1972-2007",2007,0.505046193319735,"no",0.569034520428477,"no"
"231","MFish","Southern hake Chatham Rise","\textit{Merluccius australis}","Integrated Analysis","1975-2006",2006,1.76839557949905,"yes",0.115569482758621,"yes"
"232","MFish","Southern hake Sub-Antarctic","\textit{Merluccius australis}","Integrated Analysis","1975-2007",2007,2.91089194789382,"yes",0.10671332247557,"yes"
"230","MFish","Southern blue whiting Campbell Island Rise","\textit{Micromesistius australis}","Integrated Analysis","1979-2006",2006,1.15430662009736,"yes",0.91783018292683,"yes"
"216","MFish","Trevally New Zealand Areas TRE 7","\textit{Pseudocaranx dentex}","Integrated Analysis","1944-2005",2005,1.43747054029498,"yes",0.83042831858407,"yes"
"211","MFish","Smooth oreo Chatham Rise","\textit{Pseudocyttus maculatus}","Integrated Analysis","1979-2006",2006,2.24873024600090,"yes",0.384531413612565,"yes"
"212","MFish","Smooth oreo West end of Chatham Rise","\textit{Pseudocyttus maculatus}","Integrated Analysis","1973-2004",2004,1.24879079044461,"yes",0.531178184110971,"yes"
"224","MFish","common gemfish New Zealand","\textit{Rexea solandri}","Integrated Analysis","1952-2007",2006,1.63557064294778,"yes",0.428687464026706,"yes"
"133","NAFO","Atlantic cod NAFO 3M","\textit{Gadus morhua}","VPA","1959-2008",NA,NA,NA,NA,NA
"134","NAFO","Atlantic cod NAFO 3NO","\textit{Gadus morhua}","VPA","1953-2007",2006,0.0222615600541176,"no",0.269158998378306,"no"
"131","NAFO","American Plaice NAFO-3LNO","\textit{Hippoglossoides platessoides}","VPA","1955-2007",2006,0.0783147930887372,"no",0.766299346670966,"no"
"132","NAFO","American Plaice NAFO-3M","\textit{Hippoglossoides platessoides}","VPA","1960-2007",NA,NA,NA,NA,NA
"138","NAFO","Yellowtail Flounder NAFO 3LNO","\textit{Limanda ferruginea}","Biomass dynamics model","1960-2009",2007,1.61628045029196,"no",0.152322838275498,"no"
"136","NAFO","Redfish species NAFO 3LN","\textit{Redfish species}","Biomass dynamics model","1959-2008",2008,1.88019732205779,"yes",0.0406976744186047,"yes"
"137","NAFO","Redfish species NAFO 3M","\textit{Redfish species}","VPA","1989-2006",NA,NA,NA,NA,NA
"135","NAFO","Greenland halibut NAFO 23KLMNO","\textit{Reinhardtius hippoglossoides}","VPA","1960-2006",2006,0.393272576806633,"no",1.73088311788546,"no"
"28","NMFS","Sablefish Eastern Bering Sea / Aleutian Islands / Gulf of Alaska","\textit{Anoplopoma fimbria}","Statistical catch at age model","1956-2008",2008,1.05231807803038,"yes",0.663366336633663,"yes"
"199","NMFS","Sablefish Pacific Coast","\textit{Anoplopoma fimbria}","Integrated Analysis","1900-2007",NA,NA,NA,NA,NA
"155","NMFS","Ocean quahog Atlantic Coast","\textit{Arctica islandica}","Biomass dynamics model","1978-2008",NA,NA,NA,NA,NA
"251","NMFS","Gray triggerfish Gulf of Mexico","\textit{Balistes capriscus}","Biomass dynamics model","1981-2004",NA,NA,NA,NA,NA
"254","NMFS","Gulf menhaden Gulf of Mexico","\textit{Brevoortia patronus}","Statistical catch at age model","1964-2004",2004,1.08038185063287,"no",0.483008869940591,"no"
"179","NMFS","Atlantic menhaden Atlantic","\textit{Brevoortia tyrannus}","Statistical catch at age model","1940-2005",2005,0.466008754258829,"no",0.967872005598362,"no"
"243","NMFS","Blacknose shark Atlantic","\textit{Carcharhinus acronotus}","Biomass dynamics model","1950-2005",NA,NA,NA,NA,NA
"246","NMFS","Finetooth shark Atlantic","\textit{Carcharhinus isodon}","Biomass dynamics model","1976-2005",NA,NA,NA,NA,NA
"244","NMFS","Blacktip shark Atlantic","\textit{Carcharhinus limbatus}","Biomass dynamics model","1981-2004",NA,NA,NA,NA,NA
"245","NMFS","Blacktip shark Gulf of Mexico","\textit{Carcharhinus limbatus}","Biomass dynamics model","1981-2004",NA,NA,NA,NA,NA
"261","NMFS","Sandbar shark Atlantic","\textit{Carcharhinus plumbeus}","Biomass dynamics model","1975-2004",NA,NA,NA,NA,NA
"143","NMFS","Black sea bass Mid-Atlantic Coast","\textit{Centropristis striata}","Statistical catch at age model","1968-2007",2007,0.91555874611151,"yes",0.669328553464549,"no"
"29","NMFS","Snow crab Bering Sea","\textit{Chionoecetes opilio}","Biomass dynamics model","1979-2008",2008,0.55273436741234,"yes",1.49085050150789,"no"
"149","NMFS","Atlantic herring Northwestern Atlantic Coast","\textit{Clupea harengus}","Statistical catch at age model","1960-2005",NA,NA,NA,NA,NA
"1","NMFS","Pacific herring Prince William Sound","\textit{Clupea pallasii}","Statistical catch at age model","1980-2006",NA,NA,NA,NA,NA
"2","NMFS","Pacific herring Sitka","\textit{Clupea pallasii}","Statistical catch at age model","1978-2007",NA,NA,NA,NA,NA
"166","NMFS","Weakfish Atlantic Coast","\textit{Cynoscion regalis}","VPA","1981-2008",NA,NA,NA,NA,NA
"197","NMFS","Petrale sole Northern Pacific Coast","\textit{Eopsetta jordani}","Integrated Analysis","1910-2005",2005,1.86606471030850,"yes",1.25732159212463,"no"
"198","NMFS","Petrale sole Southern Pacific Coast","\textit{Eopsetta jordani}","Integrated Analysis","1874-2005",2005,1.13249211356467,"yes",0.612978055814841,"no"
"256","NMFS","Red grouper Gulf of Mexico","\textit{Epinephelus morio}","Statistical catch at age model","1986-2005",2005,1.27241962774958,"yes",0.727272727272727,"yes"
"263","NMFS","Snowy grouper Southern Atlantic coast","\textit{Epinephelus niveatus}","Statistical catch at age model","1961-2002",2002,0.186389413988658,"yes",3.08,"yes"
"19","NMFS","Pacific cod Bering Sea and Aleutian Islands","\textit{Gadus macrocephalus}","Integrated Analysis","1964-2008",2008,0.997418230563003,"yes",0.930444526960573,"no"
"20","NMFS","Pacific cod Gulf of Alaska","\textit{Gadus macrocephalus}","Integrated Analysis","1964-2008",2008,0.911331096196868,"yes",0.842502522623691,"no"
"145","NMFS","Atlantic cod Georges Bank","\textit{Gadus morhua}","VPA","1960-2008",2007,0.119337673212501,"yes",0.724580272905359,"no"
"146","NMFS","Atlantic cod Gulf of Maine","\textit{Gadus morhua}","VPA","1893-2008",2007,1.45625511266713,"no",2.39915611814346,"yes"
"173","NMFS","Witch Flounder NAFO-5Y","\textit{Glyptocephalus cynoglossus}","VPA","1982-2008",2007,0.29999126408666,"yes",1.45,"yes"
"23","NMFS","Rex sole Gulf of Alaska","\textit{Glyptocephalus zachirus}","Statistical catch at age model","1979-2008",NA,NA,NA,NA,NA
"192","NMFS","Kelp greenling Oregon Coast","\textit{Hexagrammos decagrammus}","Integrated Analysis","1979-2005",NA,NA,NA,NA,NA
"11","NMFS","Flathead sole Bering Sea and Aleutian Islands","\textit{Hippoglossoides elassodon}","Statistical catch at age model","1977-2008",2008,1.83295973790844,"yes",0.179176239583796,"no"
"12","NMFS","Flathead sole Gulf of Alaska","\textit{Hippoglossoides elassodon}","Statistical catch at age model","1978-2008",NA,NA,NA,NA,NA
"140","NMFS","American Plaice NAFO-5YZ","\textit{Hippoglossoides platessoides}","VPA","1960-2008",2007,0.703997662185856,"yes",0.301241029444512,"no"
"141","NMFS","Atlantic Halibut NAFO-5YZ","\textit{Hippoglossus hippoglossus}","Unknown","1800-2007",NA,NA,NA,NA,NA
"43","NMFS","American lobster Georges Bank","\textit{Homarus americanus}","Biomass dynamics model","1981-2007",NA,NA,NA,NA,NA
"44","NMFS","American lobster Gulf of Maine","\textit{Homarus americanus}","Biomass dynamics model","1981-2007",NA,NA,NA,NA,NA
"45","NMFS","American lobster Southern New England","\textit{Homarus americanus}","Biomass dynamics model","1981-2007",NA,NA,NA,NA,NA
"150","NMFS","Northern shortfin squid Northwestern Atlantic Coast","\textit{Illex illecebrosus}","Biomass dynamics model","1967-2005",NA,NA,NA,NA,NA
"18","NMFS","Northern rock sole Eastern Bering Sea and Aleutian Islands","\textit{Lepidopsetta polyxystra}","Statistical catch at age model","1971-2008",2007,3.01508769905377,"yes",0.213114754098361,"yes"
"34","NMFS","Yellowfin sole Bering Sea and Aleutian Islands","\textit{Limanda aspera}","Statistical catch at age model","1959-2008",2008,1.93863525835866,"yes",0.615384615384615,"yes"
"174","NMFS","Yellowtail flounder Cape Cod / Gulf of Maine","\textit{Limanda ferruginea}","VPA","1935-2008",2007,0.246726572528883,"yes",1.73221757322176,"yes"
"175","NMFS","Yellowtail flounder Georges Bank","\textit{Limanda ferruginea}","VPA","1935-2008",2007,0.220509259259259,"yes",1.14173228346457,"yes"
"176","NMFS","Yellowtail Flounder Southern New England-Mid Atlantic","\textit{Limanda ferruginea}","VPA","1935-2008",2007,0.128029197080292,"yes",1.61417322834646,"yes"
"14","NMFS","Golden king crab Aleutian Islands Eastern segment","\textit{Lithodes aequispinus}","Statistical catch at length model","1990-2007",NA,NA,NA,NA,NA
"15","NMFS","Golden king crab Aleutian Islands Western segment","\textit{Lithodes aequispinus}","Statistical catch at length model","1989-2007",NA,NA,NA,NA,NA
"152","NMFS","Monkfish Gulf of Maine / Northern Georges Bank","\textit{Lophius americanus}","Unknown","1964-2006",2006,1.73457622709943,"no",0.375440091455054,"no"
"153","NMFS","Monkfish Southern Georges Bank / Mid-Atlantic","\textit{Lophius americanus}","Unknown","1964-2006",2006,1.716084731161,"no",0.299165994944751,"no"
"165","NMFS","Tilefish Mid-Atlantic Coast","\textit{Lopholatilus chamaeleonticeps}","Biomass dynamics model","1973-2008",2005,0.716756314599638,"no",0.606154414825958,"no"
"265","NMFS","Tilefish Southern Atlantic coast","\textit{Lopholatilus chamaeleonticeps}","Statistical catch at age model","1961-2002",2002,0.899249444742284,"yes",1.54511627906977,"yes"
"255","NMFS","Mutton snapper Southern Atlantic coast and Gulf of Mexico","\textit{Lutjanus analis}","Statistical catch at age model","1981-2006",NA,NA,NA,NA,NA
"258","NMFS","Red snapper Eastern Gulf of Mexico","\textit{Lutjanus campechanus}","Statistical catch at age model","1872-2003",NA,NA,NA,NA,NA
"259","NMFS","Red snapper Southern Atlantic coast","\textit{Lutjanus campechanus}","Statistical catch at age model","1945-2006",NA,NA,NA,NA,NA
"260","NMFS","Red snapper Western Gulf of Mexico","\textit{Lutjanus campechanus}","Statistical catch at age model","1880-2003",NA,NA,NA,NA,NA
"147","NMFS","Haddock NAFO-5Y","\textit{Melanogrammus aeglefinus}","VPA","1956-2008",2007,0.990847457627119,"yes",1.20515000769957,"no"
"148","NMFS","Haddock Georges Bank","\textit{Melanogrammus aeglefinus}","VPA","1930-2008",NA,NA,NA,NA,NA
"161","NMFS","Silver hake Gulf of Maine / Northern Georges Bank","\textit{Merluccius bilinearis}","Survey index","1955-2005",NA,NA,NA,NA,NA
"162","NMFS","Silver hake Southern Georges Bank / Mid-Atlantic","\textit{Merluccius bilinearis}","Survey index","1955-2005",NA,NA,NA,NA,NA
"195","NMFS","Pacific hake Pacific Coast","\textit{Merluccius productus}","Integrated Analysis","1966-2008",2008,1.61323529411765,"yes",0.730769230769231,"yes"
"42","NMFS","Atlantic croaker Mid-Atlantic Coast","\textit{Micropogonias undulatus}","Biomass dynamics model","1973-2002",2002,1.42256539217596,"yes",0.270270270270270,"yes"
"9","NMFS","Dover sole Gulf of Alaska","\textit{Microstomus pacificus}","Statistical catch at age model","1978-2010",NA,NA,NA,NA,NA
"276","NMFS","Dover sole Pacific Coast","\textit{Microstomus pacificus}","Integrated Analysis","1910-2005",2005,1.61140338162192,"yes",0.453575187546674,"no"
"163","NMFS","Striped bass Gulf of Maine / Cape Hatteras","\textit{Morone saxatilis}","Statistical catch at age model","1982-2006",NA,NA,NA,NA,NA
"247","NMFS","Gag Gulf of Mexico","\textit{Mycteroperca microlepis}","Unknown","1963-2004",2004,0.996813388613154,"yes",2.43781094527363,"yes"
"248","NMFS","Gag Southern Atlantic coast","\textit{Mycteroperca microlepis}","Statistical catch at age model","1962-2005",2005,0.94233576020986,"yes",1.30801687763713,"yes"
"268","NMFS","Yellowtail snapper Southern Atlantic Coast and Gulf of Mexico","\textit{Ocyurus chrysurus}","Statistical catch at age model","1962-2001",2001,1.14146142886220,"yes",0.611111111111111,"yes"
"237","NMFS","Lingcod Northern Pacific Coast","\textit{Ophiodon elongatus}","Integrated Analysis","1956-2005",NA,NA,NA,NA,NA
"238","NMFS","Lingcod Southern Pacific Coast","\textit{Ophiodon elongatus}","Integrated Analysis","1956-2005",NA,NA,NA,NA,NA
"257","NMFS","Red porgy Southern Atlantic coast","\textit{Pagrus pagrus}","Statistical catch at age model","1972-2004",2004,0.610676077403724,"yes",0.39075,"yes"
"46","NMFS","Northern shrimp Gulf of Maine","\textit{Pandalus borealis}","Statistical catch at age model","1960-2009",2008,1.58000978369048,"no",0.559883034014296,"no"
"160","NMFS","Summer flounder Mid-Atlantic Coast","\textit{Paralichthys dentatus}","Statistical catch at age model","1940-2007",NA,NA,NA,NA,NA
"26","NMFS","Red king crab Bristol Bay","\textit{Paralithodes camtschaticus}","Statistical catch at length model","1960-2008",2008,1.27256061050778,"yes",1.05393939393939,"yes"
"27","NMFS","Red king crab Norton Sound","\textit{Paralithodes camtschaticus}","Statistical catch at length model","1976-2008",NA,NA,NA,NA,NA
"191","NMFS","English sole Pacific Coast","\textit{Parophrys vetulus}","Integrated Analysis","1876-2007",2007,6.4215445908673,"yes",0.136645667062804,"no"
"144","NMFS","Atlantic butterfish Gulf of Maine / Cape Hatteras","\textit{Peprilus triacanthus}","Unknown","1965-2005",NA,NA,NA,NA,NA
"156","NMFS","Sea scallop Georges Bank","\textit{Placopecten magellanicus}","Statistical catch at length model","1964-2006",2006,1.58842805457888,"no",0.782293253084282,"no"
"157","NMFS","Sea scallop Mid-Atlantic Coast","\textit{Placopecten magellanicus}","Statistical catch at length model","1964-2006",2006,0.999996477273128,"no",0.356469181219244,"no"
"280","NMFS","Starry flounder Northern Pacific Coast","\textit{Platichthys stellatus}","Integrated Analysis","1970-2005",2005,1.09896373056995,"yes",0.331621769606974,"no"
"281","NMFS","Starry flounder Southern Pacific Coast","\textit{Platichthys stellatus}","Integrated Analysis","1970-2005",2005,1.54710920770878,"yes",0.120704612545974,"no"
"6","NMFS","Atka mackerel Bering Sea and Aleutian Islands","\textit{Pleurogrammus monopterygius}","Statistical catch at age model","1976-2009",2009,1.54771929824561,"yes",0.546564952035914,"no"
"3","NMFS","Alaska plaice Bering Sea and Aleutian Islands","\textit{Pleuronectes quadrituberculatus}","Statistical catch at age model","1972-2008",2008,2.46075792730085,"yes",0.0693548387096774,"yes"
"154","NMFS","Pollock NAFO-5YZ","\textit{Pollachius virens}","Survey index","1963-2007",NA,NA,NA,NA,NA
"142","NMFS","Bluefish Atlantic Coast","\textit{Pomatomus saltatrix}","Statistical catch at age model","1981-2007",2007,0.810087989510766,"no",0.789473684210526,"yes"
"170","NMFS","Winter Flounder NAFO-5Z","\textit{Pseudopleuronectes americanus}","VPA","1982-2007",2006,0.2798125,"yes",0.251618064315943,"no"
"171","NMFS","Winter Flounder NAFO-5Y","\textit{Pseudopleuronectes americanus}","Unknown","1982-2008",NA,NA,NA,NA,NA
"172","NMFS","Winter Flounder Southern New England-Mid Atlantic","\textit{Pseudopleuronectes americanus}","VPA","1940-2007",2007,0.0868816593999123,"yes",1.10316478604902,"no"
"193","NMFS","Longnose skate Pacific Coast","\textit{Raja rhina}","Integrated Analysis","1915-2007",2007,1.55786335218945,"no",0.395206876807947,"no"
"13","NMFS","Greenland turbot Bering Sea and Aleutian Islands","\textit{Reinhardtius hippoglossoides}","Statistical catch at age model","1960-2009",2009,1.47651901215210,"yes",0.0530035335689046,"yes"
"4","NMFS","Arrowtooth flounder Bering Sea and Aleutian Islands","\textit{Reinhardtius stomias}","Statistical catch at age model","1970-2008",2008,2.69844284736482,"yes",0.313944723564346,"no"
"5","NMFS","Arrowtooth flounder Gulf of Alaska","\textit{Reinhardtius stomias}","Statistical catch at age model","1958-2010",2010,3.02035689353665,"yes",0.279162279050432,"no"
"181","NMFS","Arrowtooth flounder Pacific Coast","\textit{Reinhardtius stomias}","Integrated Analysis","1916-2007",2007,3.81495208822998,"yes",0.209523809523810,"yes"
"262","NMFS","Atlantic sharpnose shark Atlantic","\textit{Rhizoprionodon terraenovae}","Biomass dynamics model","1950-2005",NA,NA,NA,NA,NA
"266","NMFS","Vermilion snapper Gulf of Mexico","\textit{Rhomboplites aurorubens}","Biomass dynamics model","1981-2004",NA,NA,NA,NA,NA
"267","NMFS","Vermilion snapper Southern Atlantic coast","\textit{Rhomboplites aurorubens}","Statistical catch at age model","1946-2008",2007,0.860262008733624,"yes",1.27259067357513,"yes"
"180","NMFS","Pacific sardine North Pacific","\textit{Sardinops sagax}","Statistical catch at age model","1981-2008",2006,1.72909403066324,"no",0.374659352559143,"no"
"278","NMFS","Pacific sardine Pacific Coast","\textit{Sardinops sagax}","Integrated Analysis","1981-2007",NA,NA,NA,NA,NA
"275","NMFS","Pacific chub mackerel Pacific Coast","\textit{Scomber japonicus}","Statistical catch at age model","1929-2008",NA,NA,NA,NA,NA
"252","NMFS","King mackerel Gulf of Mexico","\textit{Scomberomorus cavalla}","VPA","1992-2001",NA,NA,NA,NA,NA
"253","NMFS","King mackerel Southern Atlantic Coast","\textit{Scomberomorus cavalla}","VPA","1981-2001",NA,NA,NA,NA,NA
"264","NMFS","Spanish mackerel Southern Atlantic Coast","\textit{Scomberomorus maculatus}","Statistical catch at age model","1950-2008",2007,0.377453916284022,"yes",0.90909090909091,"yes"
"151","NMFS","Atlantic mackerel Gulf of Maine / Cape Hatteras","\textit{Scomber scombrus}","VPA","1960-2005",NA,NA,NA,NA,NA
"168","NMFS","Windowpane flounder - Gulf of Maine / Georges Bank","\textit{Scophthalmus aquosus}","Survey index","1975-2007",NA,NA,NA,NA,NA
"169","NMFS","Windowpane Southern New England-Mid Atlantic","\textit{Scophthalmus aquosus}","Survey index","1975-2007",NA,NA,NA,NA,NA
"274","NMFS","California scorpionfish Southern California","\textit{Scorpaena guttata}","Statistical catch at age model","1990-2005",NA,NA,NA,NA,NA
"7","NMFS","Cabezon Northern California","\textit{Scorpaenichthys marmoratus}","Integrated Analysis","1916-2005",2005,1.04439436619718,"yes",0.994158154875713,"no"
"8","NMFS","Cabezon Southern California","\textit{Scorpaenichthys marmoratus}","Integrated Analysis","1932-2005",2005,0.7376875,"yes",0.528447726431252,"no"
"24","NMFS","Rougheye rockfish Bering Sea and Aleutian Islands","\textit{Sebastes aleutianus}","Statistical catch at age model","1974-2009",NA,NA,NA,NA,NA
"25","NMFS","Rougheye rockfish Gulf of Alaska","\textit{Sebastes aleutianus}","Statistical catch at age model","1974-2007",NA,NA,NA,NA,NA
"21","NMFS","Pacific Ocean perch Eastern Bering Sea and Aleutian Islands","\textit{Sebastes alutus}","Statistical catch at age model","1974-2009",2009,1.23482025885698,"yes",0.258636906846731,"no"
"22","NMFS","Pacific ocean perch Gulf of Alaska","\textit{Sebastes alutus}","Statistical catch at age model","1959-2008",2008,1.16468703952848,"yes",0.726027397260274,"yes"
"196","NMFS","Pacific ocean perch Pacific Coast","\textit{Sebastes alutus}","Statistical catch at age model","1953-2007",2007,0.687352126005543,"yes",0,"yes"
"30","NMFS","Shortraker rockfish Bering Sea and Aleutian Islands","\textit{Sebastes borealis}","Statistical catch at age model","1977-2008",NA,NA,NA,NA,NA
"277","NMFS","Gopher rockfish Southern Pacific Coast","\textit{Sebastes carnatus}","Integrated Analysis","1965-2005",NA,NA,NA,NA,NA
"190","NMFS","Darkblotched rockfish Pacific Coast","\textit{Sebastes crameri}","Integrated Analysis","1928-2007",2007,0.730908703071672,"yes",0.3125,"yes"
"201","NMFS","Widow rockfish Pacific Coast","\textit{Sebastes entomelas}","Statistical catch at age model","1955-2006",2006,0.91321104683426,"no",0.0495867768595041,"yes"
"139","NMFS","Acadian redfish Gulf of Maine / Georges Bank","\textit{Sebastes fasciatus}","Statistical catch at age model","1913-2007",NA,NA,NA,NA,NA
"203","NMFS","Yellowtail rockfish Northern Pacific Coast","\textit{Sebastes flavidus}","Integrated Analysis","1967-2005",2005,1.36341017167728,"yes",0.505919032835944,"no"
"187","NMFS","Chilipepper Southern Pacific Coast","\textit{Sebastes goodei}","Integrated Analysis","1892-2007",2006,1.43372742071337,"no",0.0357142857142857,"yes"
"279","NMFS","Shortbelly rockfish Pacific Coast","\textit{Sebastes jordani}","Integrated Analysis","1950-2005",NA,NA,NA,NA,NA
"188","NMFS","Cowcod Southern California","\textit{Sebastes levis}","Integrated Analysis","1900-2007",2007,0.0939698492462312,"yes",0.0740740740740741,"yes"
"183","NMFS","Black rockfish Northern Pacific Coast","\textit{Sebastes melanops}","Integrated Analysis","1914-2006",2006,1.37499222461089,"no",0.468085106382979,"yes"
"184","NMFS","Black rockfish Southern Pacific Coast","\textit{Sebastes melanops}","Integrated Analysis","1915-2007",2007,2.23349023951267,"yes",0.327166064981950,"yes"
"182","NMFS","Blackgill rockfish  Pacific Coast","\textit{Sebastes melanostomus}","Integrated Analysis","1950-2005",NA,NA,NA,NA,NA
"185","NMFS","Blue rockfish California","\textit{Sebastes mystinus}","Integrated Analysis","1916-2007",2007,0.74849578820698,"yes",1.19106699751861,"yes"
"186","NMFS","Bocaccio Southern Pacific Coast","\textit{Sebastes paucispinis}","Integrated Analysis","1951-2006",2006,0.318106465279057,"yes",0.0952380952380952,"yes"
"189","NMFS","Canary rockfish Pacific Coast","\textit{Sebastes pinniger}","Integrated Analysis","1916-2007",2007,0.850734226238502,"yes",0.0212765957446809,"yes"
"16","NMFS","Northern rockfish Bering Sea and Aleutian Islands","\textit{Sebastes polyspinis}","Statistical catch at age model","1974-2009",2009,1.40980185541024,"yes",0.133997901078741,"no"
"17","NMFS","Northern rockfish Gulf of Alaska","\textit{Sebastes polyspinis}","Statistical catch at age model","1959-2008",2008,1.49589743589744,"yes",0.657534246575343,"yes"
"202","NMFS","Yelloweye rockfish Pacific Coast","\textit{Sebastes ruberrimus}","Integrated Analysis","1923-2006",2006,0.380265006793557,"no",0.647058823529412,"yes"
"10","NMFS","Dusky rockfish Gulf of Alaska","\textit{Sebastes variabilis}","Statistical catch at age model","1973-2008",2007,1.54129327573980,"yes",0.542056074766355,"yes"
"200","NMFS","Shortspine thornyhead Pacific Coast","\textit{Sebastolobus alascanus}","Integrated Analysis","1901-2005",NA,NA,NA,NA,NA
"194","NMFS","Longspine thornyhead Pacific Coast","\textit{Sebastolobus altivelis}","Integrated Analysis","1962-2005",2005,2.65143967496909,"yes",0.227272727272727,"yes"
"249","NMFS","Greater amberjack Gulf of Mexico","\textit{Seriola dumerili}","Biomass dynamics model","1986-2004",NA,NA,NA,NA,NA
"250","NMFS","Greater amberjack Southern Atlantic coast","\textit{Seriola dumerili}","Statistical catch at age model","1946-2006",NA,NA,NA,NA,NA
"242","NMFS","Bonnethead shark Atlantic","\textit{Sphyrna tiburo}","Biomass dynamics model","1950-2005",NA,NA,NA,NA,NA
"164","NMFS","Atlantic surfclam Mid-Atlantic Coast","\textit{Spisula solidissima}","Biomass dynamics model","1965-2008",NA,NA,NA,NA,NA
"159","NMFS","Spiny dogfish Atlantic Coast","\textit{Squalus acanthias}","Unknown","1962-2006",NA,NA,NA,NA,NA
"158","NMFS","Scup Atlantic Coast","\textit{Stenotomus chrysops}","Statistical catch at age model","1960-2007",NA,NA,NA,NA,NA
"31","NMFS","Walleye pollock Aleutian Islands","\textit{Theragra chalcogramma}","Statistical catch at age model","1976-2008",2008,0.8580520674432,"yes",0.0224089635854342,"yes"
"32","NMFS","Walleye pollock Eastern Bering Sea","\textit{Theragra chalcogramma}","Statistical catch at age model","1963-2008",2008,0.660239708181344,"yes",0.852132795931809,"no"
"33","NMFS","Walleye pollock Gulf of Alaska","\textit{Theragra chalcogramma}","Statistical catch at age model","1964-2008",NA,NA,NA,NA,NA
"167","NMFS","White hake Georges Bank / Gulf of Maine","\textit{Urophycis tenuis}","Biomass dynamics model","1963-2007",2007,0.351865008880995,"yes",0.8,"yes"
"269","RFFA","Walleye pollock Northern Sea of Okhotsk","\textit{Theragra chalcogramma}","Biomass dynamics model","1985-1994",NA,NA,NA,NA,NA
"283","RFFA","Walleye pollock Western Bering Sea","\textit{Theragra chalcogramma}","VPA","1994-2004",NA,NA,NA,NA,NA
"106","SPRFMO","Chilean jack mackerel Chilean EEZ and offshore","\textit{Trachurus murphyi}","Unknown","1975-2007",2006,0.51663748726123,"no",1.19592364984652,"no"
"107","UNKNOWN","Shortfin mako Nothwest Pacific Ocean","\textit{Isurus oxyrinchus}","VPA","1990-2003",NA,NA,NA,NA,NA
"239","US State","American lobster Rhode Island","\textit{Homarus americanus}","Biomass dynamics model","1959-2007",2006,0.526865025384191,"no",0.672680502541814,"no"
"241","US State","Winter flounder Rhode Island","\textit{Pseudopleuronectes americanus}","Biomass dynamics model","1959-2007",2006,0.246168723980375,"no",2.02180451127820,"yes"
"240","US State","Tautog Rhode Island","\textit{Tautoga onitis}","Biomass dynamics model","1959-2007",2006,0.837809662973035,"no",0.589083296626514,"no"
"272","WCPFC","Skipjack tuna Central Western Pacific","\textit{Katsuwonus pelamis}","Statistical catch at age model","1972-2006",2006,4.37768396331917,"yes",0.303370786516854,"yes"
"270","WCPFC","Albacore tuna South Pacific Ocean","\textit{Thunnus alalunga}","Statistical catch at age model","1959-2006",2006,2.45737623762376,"yes",0.904255319148936,"yes"
"273","WCPFC","Yellowfin tuna Central Western Pacific","\textit{Thunnus albacares}","Statistical catch at age model","1952-2005",2005,1.22388937922918,"yes",0.797096053611318,"yes"
"271","WCPFC","Bigeye tuna Western Pacific Ocean","\textit{Thunnus obesus}","Statistical catch at age model","1952-2006",2006,1.05675146771037,"yes",1.37673879443586,"yes"
